year,date,stodnr,hvalnr,kyn,kj,longd,kl
2011,09/02/2011,2011001,11001,f,1,419,1
2011,09/02/2011,2011001,11002,f,1,412,1
2011,09/02/2011,2011001,11003,f,1,NA,1
2011,09/02/2011,2011001,11004,f,1,430,1
2011,09/02/2011,2011001,11005,f,1,405,1
2011,09/02/2011,2011001,11006,m,1,369,1
2011,09/02/2011,2011001,11007,f,1,414,1
2011,09/02/2011,2011001,11008,f,1,447,1
2011,09/02/2011,2011001,11009,m,1,526,1
2011,09/02/2011,2011001,11010,f,1,387,1
2011,09/02/2011,2011001,11011,f,1,420,1
2011,09/02/2011,2011001,11013,m,1,220,1
2011,09/02/2011,2011001,11015,f,1,269,1
2011,09/02/2011,2011001,11019,f,1,434,1
2011,09/02/2011,2011001,11020,m,1,437,1
2011,07/04/2011,2011002,11021,f,1,429,1
2011,07/04/2011,2011002,11022,f,1,420,1
2011,07/04/2011,2011002,11023,f,1,298,1
2011,07/04/2011,2011002,11024,f,1,428,1
2011,07/04/2011,2011002,11025,f,1,440,1
2011,07/04/2011,2011002,11026,f,1,391,1
2011,07/04/2011,2011002,11027,m,1,324,1
2011,07/04/2011,2011002,11028,f,1,416,1
2011,07/04/2011,2011002,11029,f,1,304,1
2011,07/04/2011,2011002,11030,f,1,421,1
2011,02/09/2011,2011004,11041,m,1,414,1
2011,02/09/2011,2011004,11042,f,1,432,1
2011,02/09/2011,2011004,11043,f,1,440,1
2011,02/09/2011,2011004,11044,f,1,425,1
2011,02/09/2011,2011004,11045,f,1,373,1
2011,02/09/2011,2011004,11046,f,1,377,1
2011,02/09/2011,2011004,11047,m,1,528,1
2011,02/09/2011,2011004,11048,f,1,417,1
2011,02/09/2011,2011004,11049,m,1,450,1
2011,02/09/2011,2011004,11050,f,1,353,1
2011,08/09/2011,2011005,11051,f,1,438,1
2011,08/09/2011,2011005,11052,m,1,463,1
2011,08/09/2011,2011005,11053,m,1,444,1
2011,08/09/2011,2011005,11054,f,1,424,1
2011,08/09/2011,2011005,11055,f,1,392,1
2011,08/09/2011,2011005,11056,m,1,533,1
2011,08/09/2011,2011005,11057,m,1,291,1
2011,08/09/2011,2011005,11058,m,1,473,1
2011,08/09/2011,2011005,11059,f,1,431,1
2011,08/09/2011,2011005,11060,f,1,459,1
2011,13/11/2011,2011006,11061,m,1,343,1
2011,13/11/2011,2011006,11062,m,1,338,1
2011,13/11/2011,2011006,11063,f,1,419,1
2011,13/11/2011,2011006,11064,f,1,354,1
2011,13/11/2011,2011006,11065,m,1,453,1
2011,13/11/2011,2011006,11066,m,1,433,1
2011,13/11/2011,2011006,11067,f,1,425,1
2011,13/11/2011,2011006,11068,m,1,436,1
2011,13/11/2011,2011006,11069,f,1,317,1
2011,13/11/2011,2011006,11070,f,1,407,1
2011,18/11/2011,2011007,11071,f,1,410,1
2011,18/11/2011,2011007,11072,f,1,271,1
2011,18/11/2011,2011007,11073,f,1,261,1
2011,18/11/2011,2011007,11074,f,1,275,1
2011,18/11/2011,2011007,11075,m,1,307,1
2011,18/11/2011,2011007,11076,m,1,415,1
2011,18/11/2011,2011007,11077,f,1,430,1
2011,18/11/2011,2011007,11078,f,1,436,1
2011,18/11/2011,2011007,11079,f,1,430,1
2011,18/11/2011,2011007,11080,f,1,430,1
2011,22/11/2011,2011009,11081,f,1,432,1
2011,22/11/2011,2011009,11082,f,1,443,1
2011,22/11/2011,2011009,11083,f,1,435,1
2011,22/11/2011,2011009,11084,m,1,446,1
2011,22/11/2011,2011009,11085,f,1,406,1
2011,22/11/2011,2011009,11086,f,1,430,1
2011,22/11/2011,2011009,11087,f,1,419,1
2011,22/11/2011,2011009,11088,f,1,421,1
2011,22/11/2011,2011009,11089,m,1,508,1
2011,22/11/2011,2011009,11090,f,1,410,1
2012,10/07/2012,2012003,12001,f,1,375,1
2012,10/07/2012,2012003,12002,m,1,356,1
2012,10/07/2012,2012003,12003,f,1,372,1
2012,10/07/2012,2012003,12004,f,1,404,1
2012,10/07/2012,2012003,12005,f,1,404,1
2012,10/07/2012,2012003,12006,f,1,306,1
2012,10/07/2012,2012003,12007,f,1,308,1
2012,10/07/2012,2012003,12008,f,1,439,1
2012,10/07/2012,2012003,12009,f,1,371,1
2012,10/07/2012,2012003,12010,f,1,258,1
2012,19/08/2012,2012006,12011,f,1,440,1
2012,19/08/2012,2012006,12012,m,1,500,1
2012,19/08/2012,2012006,12013,f,1,493,1
2012,19/08/2012,2012006,12014,m,1,437,1
2012,19/08/2012,2012006,12015,f,1,458,1
2012,19/08/2012,2012006,12016,m,1,519,1
2012,19/08/2012,2012006,12017,f,1,376,1
2012,19/08/2012,2012006,12018,f,1,404,1
2012,19/08/2012,2012006,12019,f,1,398,1
2012,19/08/2012,2012006,12020,m,1,519,1
2012,23/09/2012,2012010,12021,m,1,397,1
2012,23/09/2012,2012010,12022,f,1,328,1
2012,23/09/2012,2012010,12023,f,1,340,1
2012,23/09/2012,2012010,12024,f,1,334,1
2012,23/09/2012,2012010,12025,f,1,390,1
2012,23/09/2012,2012010,12026,f,1,350,1
2012,23/09/2012,2012010,12027,m,1,473,1
2012,23/09/2012,2012010,12028,m,1,495,1
2012,23/09/2012,2012010,12029,f,1,329,1
2012,23/09/2012,2012010,12030,f,1,423,1
2013,21/07/2013,2013001,13001,f,1,385,1
2013,21/07/2013,2013001,13002,NA,1,NA,NA
2013,21/07/2013,2013001,13003,f,1,387,1
2013,21/07/2013,2013001,13004,f,1,454,1
2013,21/07/2013,2013001,13005,f,1,380,1
2013,21/07/2013,2013001,13006,f,1,431,1
2013,21/07/2013,2013001,13007,m,1,531,1
2013,21/07/2013,2013001,13008,m,1,506,1
2013,21/07/2013,2013001,13009,f,1,443,1
2013,21/07/2013,2013001,13010,f,1,324,1
2013,21/07/2013,2013001,13011,f,1,425,NA
2013,21/07/2013,2013001,13012,f,1,419,NA
2013,21/07/2013,2013001,13013,m,1,376,NA
2013,21/07/2013,2013001,13014,m,1,459,NA
2013,21/07/2013,2013001,13015,m,1,309,NA
2013,21/07/2013,2013001,13016,f,1,424,NA
2013,21/07/2013,2013001,13017,f,1,404,NA
2013,21/07/2013,2013001,13018,f,1,344,NA
2013,21/07/2013,2013001,13019,f,1,339,NA
2013,21/07/2013,2013001,13020,f,1,382,NA
2013,21/07/2013,2013001,13021,m,1,400,NA
2013,21/07/2013,2013001,13022,m,1,406,NA
2013,21/07/2013,2013001,13023,m,1,431,NA
2013,21/07/2013,2013001,13024,m,1,526,NA
2013,21/07/2013,2013001,13025,m,1,578,NA
2013,21/07/2013,2013001,13026,m,1,515,NA
2013,21/07/2013,2013001,13027,f,1,442,NA
2013,21/07/2013,2013001,13028,f,1,432,NA
2013,21/07/2013,2013001,13029,f,1,416,NA
2013,21/07/2013,2013001,13030,f,1,399,NA
2013,21/07/2013,2013001,13031,f,1,290,NA
2013,21/07/2013,2013001,13032,NA,1,359,NA
2013,21/07/2013,2013001,13033,f,1,364,NA
2013,21/07/2013,2013001,13034,f,1,424,NA
2013,21/07/2013,2013001,13035,f,1,NA,NA
2013,21/07/2013,2013001,13036,NA,1,NA,NA
2013,21/07/2013,2013001,13037,NA,1,NA,NA
2013,21/07/2013,2013001,13038,NA,1,NA,NA
2013,21/07/2013,2013001,13039,f,1,394,NA
2013,21/07/2013,2013001,13040,NA,1,NA,NA
2013,21/07/2013,2013001,13041,NA,1,NA,NA
2013,21/07/2013,2013001,13042,NA,1,NA,NA
2013,21/07/2013,2013001,13043,NA,1,NA,NA
2013,21/07/2013,2013001,13044,NA,1,NA,NA
2013,21/07/2013,2013001,13045,f,1,379,1
2013,30/07/2013,2013002,13051,f,1,348,1
2013,30/07/2013,2013002,13052,f,1,412,1
2013,30/07/2013,2013002,13053,f,1,347,1
2013,30/07/2013,2013002,13054,f,1,433,1
2013,30/07/2013,2013002,13055,m,1,373,1
2013,30/07/2013,2013002,13056,f,1,437,1
2013,30/07/2013,2013002,13057,m,1,NA,NA
2013,30/07/2013,2013002,13058,m,1,NA,NA
2013,30/07/2013,2013002,13060,NA,1,NA,NA
2013,30/07/2013,2013002,13061,NA,1,NA,NA
2013,30/07/2013,2013002,13062,NA,1,NA,NA
2013,30/07/2013,2013002,13063,NA,1,NA,NA
2013,30/07/2013,2013002,13064,NA,1,NA,NA
2013,30/07/2013,2013002,13065,NA,1,NA,NA
2013,30/07/2013,2013002,13066,NA,1,NA,NA
2013,30/07/2013,2013002,13067,NA,1,NA,NA
2013,30/07/2013,2013002,13068,f,1,420,1
2013,30/07/2013,2013002,13069,m,1,249,1
2013,30/07/2013,2013002,13070,f,1,452,1
2013,30/07/2013,2013002,13071,f,1,447,1
2013,30/07/2013,2013002,13072,f,1,429,1
2013,30/07/2013,2013002,13073,m,1,299,1
2013,30/07/2013,2013002,13074,f,1,429,1
2013,30/07/2013,2013002,13075,f,1,431,1
2013,30/07/2013,2013002,13076,f,1,452,1
2013,30/07/2013,2013002,13081,m,1,553,1
2013,30/07/2013,2013002,13082,f,1,483,1
2013,30/07/2013,2013002,13083,f,1,491,1
2013,30/07/2013,2013002,13084,f,1,484,1
2013,30/07/2013,2013002,13085,m,1,269,1
2013,30/07/2013,2013002,13086,m,1,377,1
2013,30/07/2013,2013002,13087,m,1,552,1
2013,30/07/2013,2013002,13088,m,1,425,1
2013,30/07/2013,2013002,13089,f,1,459,1
2013,30/07/2013,2013002,13090,f,1,467,1
2013,08/08/2013,2013003,13091,f,1,306,1
2013,08/08/2013,2013003,13092,m,1,425,1
2013,08/08/2013,2013003,13093,f,1,408,1
2013,08/08/2013,2013003,13094,f,1,324,1
2013,08/08/2013,2013003,13095,f,1,378,1
2013,08/08/2013,2013003,13096,f,1,441,1
2013,08/08/2013,2013003,13097,m,1,545,1
2013,08/08/2013,2013003,13098,m,1,532,1
2013,08/08/2013,2013003,13099,f,1,413,1
2013,08/08/2013,2013003,13100,f,1,341,1
2013,08/08/2013,2013003,13101,m,1,343,1
2013,08/08/2013,2013003,13102,f,1,325,1
2013,08/08/2013,2013003,13103,m,1,290,1
2013,08/08/2013,2013003,13104,m,1,519,1
2013,08/08/2013,2013003,13105,f,1,423,1
2013,08/08/2013,2013003,13106,f,1,389,1
2013,08/08/2013,2013003,13107,m,1,421,1
2013,08/08/2013,2013003,13108,f,1,356,1
2013,08/08/2013,2013003,13109,f,1,417,1
2013,08/08/2013,2013003,13110,f,1,452,1
2013,11/08/2013,2013004,13111,f,1,438,1
2013,11/08/2013,2013004,13112,f,1,309,1
2013,11/08/2013,2013004,13113,m,1,535,1
2013,11/08/2013,2013004,13114,m,1,440,1
2013,11/08/2013,2013004,13115,f,1,402,1
2013,11/08/2013,2013004,13116,f,1,408,1
2013,11/08/2013,2013004,13117,f,1,408,1
2013,11/08/2013,2013004,13118,f,1,338,1
2013,11/08/2013,2013004,13119,f,1,430,1
2013,11/08/2013,2013004,13120,m,1,340,1
2013,11/08/2013,2013004,13121,m,1,542,1
2013,11/08/2013,2013004,13122,m,1,414,1
2013,11/08/2013,2013004,13123,f,1,346,1
2013,11/08/2013,2013004,13124,m,1,348,1
2013,11/08/2013,2013004,13125,m,1,341,1
2013,11/08/2013,2013004,13126,m,1,564,1
2013,11/08/2013,2013004,13127,f,1,412,1
2013,11/08/2013,2013004,13128,m,1,272,1
2013,11/08/2013,2013004,13129,m,1,415,1
2013,11/08/2013,2013004,13130,f,1,412,1
2013,11/08/2013,2013004,13131,m,1,482,1
2013,13/08/2013,2013005,13132,f,1,426,NA
2013,13/08/2013,2013005,13133,f,1,428,NA
2013,13/08/2013,2013005,13134,f,1,427,NA
2013,13/08/2013,2013005,13135,f,1,437,NA
2013,13/08/2013,2013005,13136,f,1,350,NA
2013,13/08/2013,2013005,13137,f,1,298,NA
2013,13/08/2013,2013005,13138,f,1,431,NA
2013,13/08/2013,2013005,13139,m,1,430,NA
2013,13/08/2013,2013005,13140,m,1,267,NA
2013,13/08/2013,2013005,13141,f,1,298,NA
2013,13/08/2013,2013005,13142,f,1,362,NA
2013,13/08/2013,2013005,13143,f,1,374,NA
2013,13/08/2013,2013005,13144,f,1,443,NA
2013,13/08/2013,2013005,13145,f,1,434,NA
2013,13/08/2013,2013005,13146,m,1,402,NA
2013,13/08/2013,2013005,13147,f,1,207,NA
2013,13/08/2013,2013005,13148,m,1,502,NA
2013,13/08/2013,2013005,13149,f,1,391,NA
2013,13/08/2013,2013005,13150,m,1,428,NA
2013,13/08/2013,2013005,13151,f,1,405,NA
2013,27/08/2013,2013007,13152,f,1,396,1
2013,27/08/2013,2013007,13153,f,1,442,NA
2013,27/08/2013,2013007,13154,m,1,493,1
2013,27/08/2013,2013007,13155,f,1,406,1
2013,27/08/2013,2013007,13156,m,1,426,1
2013,27/08/2013,2013007,13157,f,1,351,1
2013,27/08/2013,2013007,13158,m,1,394,1
2013,27/08/2013,2013007,13159,f,1,450,1
2013,27/08/2013,2013007,13160,m,1,447,1
2013,27/08/2013,2013007,13161,m,1,499,1
2013,27/08/2013,2013007,13162,f,1,442,1
2013,27/08/2013,2013007,13163,f,1,303,1
2013,27/08/2013,2013007,13164,f,1,417,1
2013,27/08/2013,2013007,13165,f,1,412,1
2013,27/08/2013,2013007,13166,f,1,401,1
2013,27/08/2013,2013007,13167,f,1,454,1
2013,27/08/2013,2013007,13168,m,1,325,1
2013,27/08/2013,2013007,13169,f,1,405,1
2013,27/08/2013,2013007,13170,f,1,441,1
2013,27/08/2013,2013007,13171,f,1,430,1
2013,27/08/2013,2013007,13172,f,1,431,NA
2013,27/08/2013,2013007,13173,f,1,431,NA
2013,27/08/2013,2013007,13174,m,1,377,NA
2013,27/08/2013,2013007,13175,f,1,402,NA
2013,27/08/2013,2013007,13176,f,1,425,NA
2013,27/08/2013,2013007,13177,f,1,462,NA
2013,27/08/2013,2013007,13178,f,1,417,NA
2013,27/08/2013,2013007,13179,f,1,234,NA
2013,27/08/2013,2013007,13180,f,1,372,NA
2013,27/08/2013,2013007,13181,m,1,302,NA
2013,27/08/2013,2013007,13182,m,1,547,NA
2013,27/08/2013,2013007,13183,m,1,308,NA
2013,27/08/2013,2013007,13184,f,1,411,NA
2013,27/08/2013,2013007,13185,m,1,333,NA
2013,27/08/2013,2013007,13186,f,1,417,NA
2013,27/08/2013,2013007,13187,f,1,458,NA
2013,27/08/2013,2013007,13188,f,1,449,NA
2013,27/08/2013,2013007,13189,m,1,340,NA
2013,27/08/2013,2013007,13190,f,1,329,NA
2013,27/08/2013,2013007,13191,f,1,434,NA
2013,27/08/2013,2013007,13192,f,1,427,NA
2013,27/08/2013,2013007,13193,f,1,458,NA
2013,27/08/2013,2013007,13194,f,1,304,NA
2013,27/08/2013,2013007,13195,m,1,497,NA
2013,27/08/2013,2013007,13196,m,1,353,NA
2013,27/08/2013,2013007,13197,f,1,321,NA
2013,27/08/2013,2013007,13198,f,1,399,NA
2013,27/08/2013,2013007,13199,m,1,465,NA
2013,27/08/2013,2013007,13200,m,1,533,NA
2013,27/08/2013,2013007,13201,m,1,244,1
2013,06/09/2013,2013008,13202,f,1,456,1
2013,06/09/2013,2013008,13203,f,1,401,1
2013,06/09/2013,2013008,13204,m,1,582,1
2013,06/09/2013,2013008,13205,m,1,408,1
2013,06/09/2013,2013008,13206,f,1,433,1
2013,06/09/2013,2013008,13207,m,1,566,1
2013,06/09/2013,2013008,13208,f,1,453,1
2013,06/09/2013,2013008,13209,f,1,437,1
2013,06/09/2013,2013008,13210,m,1,405,1
2013,06/09/2013,2013008,13211,f,1,456,1
2013,06/09/2013,2013008,13212,f,1,458,1
2013,06/09/2013,2013008,13213,f,1,458,1
2013,06/09/2013,2013008,13214,f,1,455,1
2013,06/09/2013,2013008,13215,f,1,466,1
2013,06/09/2013,2013008,13216,f,1,419,1
2013,06/09/2013,2013008,13217,m,1,531,NA
2013,06/09/2013,2013008,13218,m,1,395,1
2013,06/09/2013,2013008,13219,f,1,382,1
2013,06/09/2013,2013008,13220,f,1,322,1
2013,06/09/2013,2013008,13221,f,1,NA,NA
2013,06/09/2013,2013008,13222,f,1,NA,NA
2013,06/09/2013,2013008,13223,f,1,NA,NA
2013,06/09/2013,2013008,13224,f,1,NA,NA
2013,06/09/2013,2013008,13225,f,1,NA,NA
2013,06/09/2013,2013008,13226,f,1,NA,NA
2013,06/09/2013,2013008,13227,f,1,NA,NA
2013,06/09/2013,2013008,13228,f,1,NA,NA
2013,06/09/2013,2013008,13229,f,1,NA,NA
2013,06/09/2013,2013008,13230,f,1,NA,NA
2013,06/09/2013,2013008,13231,f,1,NA,NA
2013,06/09/2013,2013008,13232,f,1,NA,NA
2013,06/09/2013,2013008,13233,f,1,NA,NA
2013,06/09/2013,2013008,13234,f,1,NA,NA
2013,06/09/2013,2013008,13235,f,1,NA,NA
2013,06/09/2013,2013008,13236,f,1,NA,NA
2013,06/09/2013,2013008,13237,f,1,NA,NA
2013,06/09/2013,2013008,13238,f,1,NA,NA
2013,06/09/2013,2013008,13239,f,1,NA,NA
2013,06/09/2013,2013008,13240,f,1,NA,NA
2013,06/09/2013,2013008,13241,f,1,NA,NA
2013,06/09/2013,2013008,13242,f,1,NA,NA
2013,06/09/2013,2013008,13243,f,1,NA,NA
2013,06/09/2013,2013008,13244,f,1,NA,NA
2013,06/09/2013,2013008,13245,f,1,NA,NA
2013,06/09/2013,2013008,13246,f,1,NA,NA
2013,06/09/2013,2013008,13247,f,1,NA,NA
2013,06/09/2013,2013008,13248,f,1,NA,NA
2013,06/09/2013,2013008,13249,f,1,NA,NA
2013,06/09/2013,2013008,13250,f,1,NA,NA
2013,06/09/2013,2013008,13251,f,1,470,1
2013,22/09/2013,2013009,120,m,1,496,NA
2013,22/09/2013,2013009,13252,f,1,448,NA
2013,22/09/2013,2013009,13253,f,1,392,NA
2013,22/09/2013,2013009,13254,m,1,307,NA
2013,22/09/2013,2013009,13255,f,1,455,NA
2013,22/09/2013,2013009,13256,f,1,350,NA
2013,22/09/2013,2013009,13257,f,1,455,NA
2013,22/09/2013,2013009,13258,m,1,360,NA
2013,22/09/2013,2013009,13259,f,1,436,NA
2013,22/09/2013,2013009,13260,f,1,441,NA
2013,22/09/2013,2013009,13261,m,1,434,NA
2013,22/09/2013,2013009,13262,f,1,436,NA
2013,22/09/2013,2013009,13263,m,1,448,NA
2013,22/09/2013,2013009,13264,m,1,380,NA
2013,22/09/2013,2013009,13265,m,1,351,NA
2013,22/09/2013,2013009,13266,m,1,527,NA
2013,22/09/2013,2013009,13267,m,1,542,NA
2013,22/09/2013,2013009,13268,m,1,465,NA
2013,22/09/2013,2013009,13269,m,1,541,NA
2013,22/09/2013,2013009,13270,m,1,540,NA
2013,22/09/2013,2013009,13271,f,1,392,NA
2013,22/09/2013,2013009,13272,m,1,544,NA
2013,22/09/2013,2013009,13273,m,1,316,NA
2013,22/09/2013,2013009,13274,m,1,520,NA
2013,22/09/2013,2013009,13275,f,1,378,NA
2013,22/09/2013,2013009,13276,m,1,429,NA
2013,22/09/2013,2013009,13277,m,1,365,NA
2013,22/09/2013,2013009,13278,m,1,339,NA
2013,22/09/2013,2013009,13279,m,1,567,NA
2013,22/09/2013,2013009,13280,f,1,411,NA
2013,22/09/2013,2013009,13281,f,1,406,NA
2013,22/09/2013,2013009,13282,f,1,388,NA
2013,22/09/2013,2013009,13283,m,1,544,NA
2013,22/09/2013,2013009,13284,m,1,545,NA
2013,22/09/2013,2013009,13285,f,1,339,NA
2013,22/09/2013,2013009,13286,f,1,437,NA
2013,22/09/2013,2013009,13287,f,1,447,NA
2013,22/09/2013,2013009,13288,f,1,399,NA
2013,22/09/2013,2013009,13289,m,1,542,NA
2013,22/09/2013,2013009,13290,f,1,332,NA
2013,22/09/2013,2013009,13291,f,1,347,NA
2013,22/09/2013,2013009,13292,m,1,216,NA
2013,22/09/2013,2013009,13293,f,1,425,NA
2013,22/09/2013,2013009,13294,m,1,537,NA
2013,22/09/2013,2013009,13295,f,1,426,NA
2013,22/09/2013,2013009,13296,f,1,429,NA
2013,22/09/2013,2013009,13297,f,1,439,NA
2013,22/09/2013,2013009,13298,f,1,394,NA
2013,22/09/2013,2013009,13299,f,1,358,NA
2013,22/09/2013,2013009,13300,f,1,240,NA
2013,22/09/2013,2013009,13301,f,1,381,NA
2013,22/09/2013,2013009,13302,f,1,420,NA
2013,22/09/2013,2013009,13303,f,1,442,NA
2013,22/09/2013,2013009,13304,f,1,378,NA
2013,22/09/2013,2013009,13305,m,1,549,NA
2013,22/09/2013,2013009,13306,m,1,569,NA
2013,22/09/2013,2013009,13307,f,1,465,NA
2013,22/09/2013,2013009,13308,f,1,466,NA
2013,22/09/2013,2013009,13309,m,1,552,NA
2013,22/09/2013,2013009,13310,f,1,418,NA
2013,22/09/2013,2013009,13311,f,1,334,NA
2013,22/09/2013,2013009,13312,f,1,406,NA
2013,22/09/2013,2013009,13313,f,1,423,NA
2013,22/09/2013,2013009,13314,f,1,434,NA
2013,22/09/2013,2013009,13315,m,1,556,NA
2013,22/09/2013,2013009,13316,f,1,253,NA
2013,22/09/2013,2013009,13317,m,1,535,NA
2013,22/09/2013,2013009,13318,m,1,338,NA
2013,22/09/2013,2013009,13319,m,1,394,NA
2013,22/09/2013,2013009,13320,m,1,494,NA
2013,22/09/2013,2013009,13321,m,1,533,NA
2013,22/09/2013,2013009,13322,m,1,458,NA
2013,22/09/2013,2013009,13323,f,1,404,NA
2013,22/09/2013,2013009,13324,f,1,317,NA
2013,22/09/2013,2013009,13325,m,1,473,NA
2013,22/09/2013,2013009,13326,f,1,393,NA
2013,22/09/2013,2013009,13327,m,1,543,NA
2013,22/09/2013,2013009,13328,m,1,467,NA
2013,22/09/2013,2013009,13329,f,1,465,NA
2013,22/09/2013,2013009,13330,m,1,407,NA
2013,22/09/2013,2013009,13331,m,1,426,NA
2013,22/09/2013,2013009,13332,f,1,414,NA
2013,22/09/2013,2013009,13333,m,1,417,NA
2013,22/09/2013,2013009,13334,m,1,511,NA
2013,22/09/2013,2013009,13335,f,1,412,NA
2013,22/09/2013,2013009,13336,f,1,404,NA
2013,22/09/2013,2013009,13337,m,1,513,NA
2013,22/09/2013,2013009,13338,f,1,304,NA
2013,22/09/2013,2013009,13339,m,1,443,NA
2013,22/09/2013,2013009,13340,f,1,412,NA
2013,22/09/2013,2013009,13341,f,1,428,NA
2013,22/09/2013,2013009,13342,f,1,442,NA
2013,22/09/2013,2013009,13343,m,1,543,NA
2013,22/09/2013,2013009,13344,m,1,516,NA
2013,22/09/2013,2013009,13345,f,1,426,NA
2013,22/09/2013,2013009,13346,f,1,408,NA
2013,22/09/2013,2013009,13347,f,1,439,NA
2013,22/09/2013,2013009,13348,f,1,438,NA
2013,22/09/2013,2013009,13349,f,1,436,NA
2013,22/09/2013,2013009,13350,f,1,405,NA
2013,22/09/2013,2013009,13351,m,1,534,NA
2013,22/09/2013,2013009,13352,m,1,346,NA
2013,22/09/2013,2013009,13353,m,1,269,NA
2013,22/09/2013,2013009,13354,f,1,366,NA
2013,22/09/2013,2013009,13355,m,1,588,NA
2013,22/09/2013,2013009,13356,f,1,433,NA
2013,22/09/2013,2013009,13357,f,1,402,NA
2013,22/09/2013,2013009,13358,f,1,453,NA
2013,22/09/2013,2013009,13359,f,1,436,NA
2013,22/09/2013,2013009,13360,m,1,357,NA
2013,22/09/2013,2013009,13361,f,1,419,NA
2013,22/09/2013,2013009,13362,f,1,520,NA
2013,22/09/2013,2013009,13363,f,1,444,NA
2013,22/09/2013,2013009,13364,f,1,367,NA
2013,22/09/2013,2013009,13365,f,1,298,NA
2013,22/09/2013,2013009,13366,f,1,407,NA
2013,22/09/2013,2013009,13367,m,1,571,NA
2013,22/09/2013,2013009,13368,f,1,426,NA
2013,22/09/2013,2013009,13369,m,1,556,NA
2013,22/09/2013,2013009,13370,f,1,443,NA
2013,10/10/2013,2013010,13400,m,1,448,NA
2013,10/10/2013,2013010,13401,m,1,475,NA
2013,10/10/2013,2013010,13402,f,1,398,NA
2013,10/10/2013,2013010,13403,f,1,424,NA
2013,10/10/2013,2013010,13404,f,1,430,NA
2013,10/10/2013,2013010,13405,f,1,380,NA
2013,10/10/2013,2013010,13406,m,1,552,NA
2013,10/10/2013,2013010,13407,f,1,350,NA
2013,10/10/2013,2013010,13408,f,1,268,NA
2013,10/10/2013,2013010,13409,f,1,397,NA
2013,10/10/2013,2013010,13410,f,1,438,NA
2013,10/10/2013,2013010,13411,f,1,432,NA
2013,10/10/2013,2013010,13412,f,1,445,NA
2013,10/10/2013,2013010,13413,f,1,370,NA
2013,10/10/2013,2013010,13414,m,1,502,NA
2013,10/10/2013,2013010,13416,f,1,410,NA
2013,10/10/2013,2013010,13417,m,1,505,NA
2013,10/10/2013,2013010,13418,f,1,420,NA
2013,10/10/2013,2013010,13419,f,1,420,NA
2013,10/10/2013,2013010,13420,NA,1,546,NA
2013,01/11/2013,2013011,13430,m,1,463,1
2013,01/11/2013,2013011,13431,m,1,519,1
2013,01/11/2013,2013011,13432,f,1,322,1
2013,01/11/2013,2013011,13433,f,1,279,1
2013,01/11/2013,2013011,13434,m,1,374,1
2013,01/11/2013,2013011,13435,m,1,231,1
2013,01/11/2013,2013011,13436,f,1,264,1
2013,01/11/2013,2013011,13437,f,1,410,1
2013,01/11/2013,2013011,13438,f,1,378,1
2013,01/11/2013,2013011,13439,f,1,443,1
2013,01/11/2013,2013011,13440,f,1,433,1
2013,01/11/2013,2013011,13441,m,1,396,1
2013,01/11/2013,2013011,13442,f,1,432,1
2013,01/11/2013,2013011,13443,f,1,296,1
2013,01/11/2013,2013011,13444,m,1,556,1
2013,01/11/2013,2013011,13445,f,1,425,1
2013,01/11/2013,2013011,13446,m,1,482,1
2013,01/11/2013,2013011,13447,m,1,271,1
2014,18/05/2014,2014001,14001,m,1,444,1
2014,18/05/2014,2014001,14002,f,1,465,1
2014,18/05/2014,2014001,14003,f,1,378,1
2014,18/05/2014,2014001,14004,m,1,365,1
2014,18/05/2014,2014001,14005,m,1,550,1
2014,18/05/2014,2014001,14006,f,1,405,1
2014,18/05/2014,2014001,14007,m,1,445,1
2014,18/05/2014,2014001,14008,m,1,560,1
2014,18/05/2014,2014001,14009,f,1,345,1
2014,18/05/2014,2014001,14010,f,1,332,1
2014,18/05/2014,2014001,14011,m,1,555,1
2014,18/05/2014,2014001,14012,f,1,409,1
2014,18/05/2014,2014001,14013,f,1,434,1
2014,30/08/2014,2014003,14086,f,1,NA,NA
2014,30/08/2014,2014003,14087,f,1,NA,NA
2014,30/08/2014,2014003,14088,NA,1,NA,1
2014,30/08/2014,2014003,14089,f,1,NA,1
2014,30/08/2014,2014003,14090,f,1,NA,NA
2014,30/08/2014,2014003,14091,f,1,NA,NA
2014,30/08/2014,2014003,14092,f,1,NA,NA
2014,30/08/2014,2014003,14093,NA,1,NA,NA
2014,30/08/2014,2014003,14094,NA,1,NA,NA
2014,30/08/2014,2014003,14095,f,1,NA,1
2014,30/08/2014,2014003,14096,f,1,NA,1
2014,30/08/2014,2014003,14097,NA,1,NA,NA
2014,30/08/2014,2014003,14098,f,1,NA,NA
2014,30/08/2014,2014003,14099,NA,1,NA,NA
2014,30/08/2014,2014003,14100,f,1,NA,NA
2014,30/08/2014,2014003,14101,f,1,NA,NA
2014,30/08/2014,2014003,14102,f,1,NA,1
2014,30/08/2014,2014003,14103,f,1,NA,NA
2014,30/08/2014,2014003,14104,NA,1,NA,NA
2014,30/08/2014,2014003,14105,f,1,NA,NA
2014,30/08/2014,2014003,14106,f,1,NA,NA
2014,30/08/2014,2014003,14107,f,1,NA,NA
2014,30/08/2014,2014003,14108,f,1,NA,NA
2014,30/08/2014,2014003,14109,f,1,NA,NA
2014,30/08/2014,2014003,14110,f,1,NA,NA
2014,30/08/2014,2014003,14111,f,1,NA,NA
2014,30/08/2014,2014003,14112,f,1,NA,NA
2014,30/08/2014,2014003,14113,NA,1,NA,NA
2014,30/08/2014,2014003,14114,NA,1,NA,NA
2014,30/08/2014,2014003,14115,f,1,NA,NA
2014,30/08/2014,2014003,14116,f,1,NA,NA
2014,30/08/2014,2014003,14117,NA,1,NA,NA
2014,30/08/2014,2014003,14118,NA,1,NA,NA
2014,30/08/2014,2014003,14119,f,1,NA,NA
2015,06/06/2015,2015001,150001,m,1,NA,NA
2015,06/06/2015,2015001,150002,m,1,NA,NA
2015,06/06/2015,2015001,150003,m,1,NA,NA
2015,06/06/2015,2015001,150004,f,1,NA,NA
2015,06/06/2015,2015001,150005,f,1,NA,NA
2015,06/06/2015,2015001,150006,f,1,NA,NA
2015,06/06/2015,2015001,150007,f,1,NA,NA
2015,06/06/2015,2015001,150008,f,1,NA,NA
2015,06/06/2015,2015001,150009,f,1,NA,NA
2015,06/06/2015,2015001,150010,f,1,NA,NA
2015,06/06/2015,2015001,150011,f,1,NA,NA
2015,06/06/2015,2015001,150012,f,1,NA,NA
2015,06/06/2015,2015001,150013,f,1,NA,NA
2015,06/06/2015,2015001,150014,f,1,NA,NA
2015,06/06/2015,2015001,150015,f,1,NA,NA
2015,06/06/2015,2015001,150016,f,1,NA,NA
2015,06/06/2015,2015001,150017,m,1,NA,NA
2015,06/06/2015,2015001,150018,m,1,NA,NA
2015,06/06/2015,2015001,150019,m,1,NA,NA
2015,06/06/2015,2015001,150020,f,1,NA,NA
2015,06/06/2015,2015001,150021,f,1,NA,NA
2015,06/06/2015,2015001,150022,f,1,NA,NA
2015,06/06/2015,2015001,150023,f,1,NA,NA
2015,06/06/2015,2015001,150024,m,1,NA,NA
2015,06/06/2015,2015001,150025,f,1,NA,NA
2015,06/06/2015,2015001,150026,f,1,NA,NA
2015,06/06/2015,2015001,150027,f,1,NA,NA
2015,06/06/2015,2015001,150028,f,1,NA,NA
2015,06/06/2015,2015001,150029,m,1,NA,NA
2015,06/06/2015,2015001,150030,f,1,NA,NA
2015,06/06/2015,2015001,150031,f,1,NA,NA
2015,06/06/2015,2015001,150032,m,1,NA,NA
2015,06/06/2015,2015001,150033,m,1,NA,NA
2015,06/06/2015,2015001,150034,f,1,NA,NA
2015,06/06/2015,2015001,150035,f,1,NA,NA
2015,06/06/2015,2015001,150036,f,1,NA,NA
2015,06/06/2015,2015001,150037,f,1,NA,NA
2015,06/06/2015,2015001,150038,f,1,NA,NA
2015,06/06/2015,2015001,150039,f,1,NA,NA
2015,06/06/2015,2015001,150040,f,1,NA,NA
2015,06/06/2015,2015001,150041,f,1,NA,NA
2015,06/06/2015,2015001,150042,m,1,NA,NA
2015,06/06/2015,2015001,150043,m,1,NA,NA
2015,06/06/2015,2015001,150044,m,1,NA,NA
2015,06/06/2015,2015001,150045,m,1,NA,NA
2015,06/06/2015,2015001,150046,f,1,NA,NA
2015,06/06/2015,2015001,150047,f,1,NA,NA
2015,06/06/2015,2015001,150048,m,1,NA,NA
2015,06/06/2015,2015001,150049,f,1,NA,NA
2015,06/06/2015,2015001,150050,m,1,NA,NA
2015,06/06/2015,2015001,150051,f,1,NA,NA
2015,06/06/2015,2015001,150052,f,1,NA,NA
2015,06/06/2015,2015001,150053,f,1,NA,NA
2015,06/06/2015,2015001,150054,m,1,NA,NA
2015,06/06/2015,2015001,150055,f,1,NA,NA
2015,06/06/2015,2015001,150056,f,1,NA,NA
2015,06/06/2015,2015001,150057,f,1,NA,NA
2015,06/06/2015,2015001,150058,m,1,NA,NA
2015,06/06/2015,2015001,150059,f,1,NA,NA
2015,06/06/2015,2015001,150060,f,1,NA,NA
2015,06/06/2015,2015001,150061,f,1,NA,NA
2015,06/06/2015,2015001,150062,f,1,NA,NA
2015,06/06/2015,2015001,150063,f,1,NA,NA
2015,06/06/2015,2015001,150064,f,1,NA,NA
2015,06/06/2015,2015001,150065,f,1,NA,NA
2015,06/06/2015,2015001,150066,f,1,NA,NA
2015,06/06/2015,2015001,150067,f,1,NA,NA
2015,06/06/2015,2015001,150068,f,1,NA,NA
2015,06/06/2015,2015001,150069,m,1,NA,NA
2015,06/06/2015,2015001,150070,m,1,NA,NA
2015,06/06/2015,2015001,150071,f,1,NA,NA
2015,06/06/2015,2015001,150072,f,1,NA,NA
2015,06/06/2015,2015001,150073,f,1,NA,NA
2015,06/06/2015,2015001,150074,f,1,NA,NA
2015,06/06/2015,2015001,150075,m,1,NA,NA
2015,06/06/2015,2015001,150076,m,1,NA,NA
2015,06/06/2015,2015001,150077,f,1,NA,NA
2015,06/06/2015,2015001,150078,m,1,NA,NA
2015,06/06/2015,2015001,150079,m,1,NA,NA
2015,06/06/2015,2015001,150080,m,1,NA,NA
2015,06/06/2015,2015001,150081,f,1,NA,NA
2015,06/06/2015,2015001,150082,f,1,NA,NA
2015,06/06/2015,2015001,150083,m,1,NA,NA
2015,06/06/2015,2015001,150084,f,1,NA,NA
2015,06/06/2015,2015001,150085,m,1,NA,NA
2015,06/06/2015,2015001,150088,f,1,NA,NA
2015,06/06/2015,2015001,150089,f,1,480,1
2015,06/06/2015,2015001,150090,f,1,376,1
2015,06/06/2015,2015001,150091,f,1,435,1
2015,06/06/2015,2015001,150092,f,1,458,1
2015,06/06/2015,2015001,150093,m,1,484,1
2015,06/06/2015,2015001,150094,f,1,445,1
2015,06/06/2015,2015001,150095,f,1,490,1
2015,06/06/2015,2015001,150096,f,1,422,1
2015,06/06/2015,2015001,150097,m,1,310,1
2015,06/06/2015,2015001,150098,f,1,414,1
2015,06/06/2015,2015001,150099,m,1,NA,NA
2015,06/06/2015,2015001,150100,f,1,NA,NA
2015,06/06/2015,2015001,150101,f,1,NA,NA
2015,06/06/2015,2015001,150102,m,1,NA,NA
2015,06/06/2015,2015001,150103,f,1,NA,NA
2015,06/06/2015,2015001,150104,f,1,NA,NA
2015,06/06/2015,2015001,150105,f,1,NA,NA
2015,06/06/2015,2015001,150106,f,1,NA,NA
2015,06/06/2015,2015001,150107,f,1,NA,NA
2015,06/06/2015,2015001,150108,m,1,NA,NA
2015,06/06/2015,2015001,150110,f,1,NA,NA
2015,06/06/2015,2015001,150111,f,1,NA,NA
2015,06/06/2015,2015001,150112,m,1,NA,NA
2015,06/06/2015,2015001,150113,f,1,NA,NA
2015,06/06/2015,2015001,150114,f,1,NA,NA
2015,06/06/2015,2015001,150115,f,1,NA,NA
2015,06/06/2015,2015001,150116,f,1,NA,NA
2015,06/06/2015,2015001,150117,f,1,NA,NA
2015,06/06/2015,2015001,150118,m,1,NA,NA
2015,06/06/2015,2015001,150119,m,1,NA,NA
2015,06/06/2015,2015001,150120,f,1,NA,NA
2015,06/06/2015,2015001,150121,m,1,NA,NA
2015,06/06/2015,2015001,150122,m,1,NA,NA
2015,06/06/2015,2015001,150123,f,1,NA,NA
2015,06/06/2015,2015001,150124,f,1,NA,NA
2015,06/06/2015,2015001,150125,f,1,NA,NA
2015,06/06/2015,2015001,150127,f,1,NA,NA
2015,06/06/2015,2015001,150128,f,1,NA,NA
2015,06/06/2015,2015001,150129,f,1,NA,NA
2015,06/06/2015,2015001,150130,m,1,NA,NA
2015,06/06/2015,2015001,150131,m,1,NA,NA
2015,06/06/2015,2015001,150132,f,1,NA,NA
2015,06/06/2015,2015001,150133,f,1,NA,NA
2015,06/06/2015,2015001,150134,f,1,NA,NA
2015,06/06/2015,2015001,150135,f,1,NA,NA
2015,06/06/2015,2015001,150136,m,1,NA,NA
2015,06/06/2015,2015001,150137,f,1,NA,NA
2015,06/06/2015,2015001,150138,f,1,NA,NA
2015,06/06/2015,2015001,150139,f,1,NA,NA
2015,06/06/2015,2015001,150140,f,1,NA,NA
2015,06/06/2015,2015001,150141,f,1,NA,NA
2015,06/06/2015,2015001,150142,f,1,NA,NA
2015,06/06/2015,2015001,150143,f,1,NA,NA
2015,06/06/2015,2015001,150144,f,1,NA,NA
2015,06/06/2015,2015001,150145,f,1,NA,NA
2015,06/06/2015,2015001,150146,m,1,NA,NA
2015,06/06/2015,2015001,150147,f,1,NA,NA
2015,06/06/2015,2015001,150148,f,1,NA,NA
2015,06/06/2015,2015001,150149,f,1,NA,NA
2015,06/06/2015,2015001,150150,f,1,NA,NA
2015,06/06/2015,2015001,150151,f,1,NA,NA
2015,06/06/2015,2015001,150152,f,1,NA,NA
2015,06/06/2015,2015001,150153,f,1,NA,NA
2015,06/06/2015,2015001,150154,f,1,NA,NA
2015,12/08/2015,2015006,150200,f,1,422,NA
2015,12/08/2015,2015006,150201,f,1,425,NA
2015,12/08/2015,2015006,150203,m,1,561,NA
2015,12/08/2015,2015006,150204,m,1,265,NA
2015,12/08/2015,2015006,150205,m,1,356,NA
2015,12/08/2015,2015006,150206,m,1,524,NA
2015,12/08/2015,2015006,150207,m,1,270,NA
2015,12/08/2015,2015006,150209,f,1,252,NA
2015,12/08/2015,2015006,150210,f,1,447,NA
2015,12/08/2015,2015006,150211,f,1,430,NA
2015,12/08/2015,2015006,150212,f,1,430,NA
2015,12/08/2015,2015006,150213,f,1,367,NA
2015,12/08/2015,2015006,150215,f,1,440,NA
2015,12/08/2015,2015006,150216,m,1,565,NA
2015,12/08/2015,2015006,150217,m,1,569,NA
2015,12/08/2015,2015006,150218,f,1,437,NA
2015,12/08/2015,2015006,150219,f,1,440,1
2015,12/08/2015,2015006,150220,f,1,395,1
2015,12/08/2015,2015006,150221,f,1,395,NA
2015,12/08/2015,2015006,150222,m,1,547,NA
2015,12/08/2015,2015006,150223,m,1,538,NA
2015,12/08/2015,2015006,150225,f,1,415,1
2015,12/08/2015,2015006,150226,f,1,420,1
2015,12/08/2015,2015006,150227,f,1,345,NA
2015,12/08/2015,2015006,150228,m,1,380,NA
2015,12/08/2015,2015006,150229,f,1,445,NA
2015,12/08/2015,2015006,150230,m,1,365,1
2015,12/08/2015,2015006,150231,f,1,460,NA
2015,12/08/2015,2015006,150232,f,1,435,NA
2015,12/08/2015,2015006,150233,f,1,440,NA
2015,12/08/2015,2015006,150234,f,1,400,NA
2015,12/08/2015,2015006,150235,m,1,386,1
2015,12/08/2015,2015006,150236,f,1,441,NA
2015,12/08/2015,2015006,150237,m,1,333,NA
2015,12/08/2015,2015006,150238,f,1,460,NA
2015,12/08/2015,2015006,150239,m,1,544,NA
2015,12/08/2015,2015006,150240,f,1,332,NA
2015,12/08/2015,2015006,150241,f,1,403,NA
2015,12/08/2015,2015006,150242,f,1,431,NA
2015,12/08/2015,2015006,150245,m,1,460,NA
2015,12/08/2015,2015006,150246,f,1,430,NA
2015,12/08/2015,2015006,150247,m,1,525,1
2015,12/08/2015,2015006,150250,f,1,390,NA
2015,12/08/2015,2015006,150251,f,1,438,1
2015,12/08/2015,2015006,150254,f,1,395,1
2015,12/08/2015,2015006,150258,f,1,367,NA
2015,30/11/2015,2015008,15400,m,1,468,NA
2015,30/11/2015,2015008,15401,f,1,427,NA
2015,30/11/2015,2015008,15402,m,1,404,NA
2015,30/11/2015,2015008,15403,m,1,494,NA
2015,30/11/2015,2015008,15404,f,1,347,NA
2015,30/11/2015,2015008,15405,f,1,345,NA
2015,30/11/2015,2015008,15406,m,1,459,NA
2015,30/11/2015,2015008,15407,f,1,454,NA
2015,30/11/2015,2015008,15408,f,1,420,NA
2015,30/11/2015,2015008,15410,m,1,406,NA
2015,30/11/2015,2015008,15411,f,1,431,NA
2016,06/07/2016,2016001,16001,f,1,457,1
2016,06/07/2016,2016001,16002,f,1,329,1
2016,06/07/2016,2016001,16003,f,1,418,1
2016,06/07/2016,2016001,16004,m,1,364,1
2016,06/07/2016,2016001,16005,f,1,419,1
2016,06/07/2016,2016001,16006,m,1,272,1
2016,06/07/2016,2016001,16007,m,1,569,1
2016,26/07/2016,2016002,16050,f,1,255,NA
2016,26/07/2016,2016002,16051,m,1,568,NA
2016,26/07/2016,2016002,16052,f,1,447,NA
2016,26/07/2016,2016002,16053,f,1,402,NA
2016,26/07/2016,2016002,16054,m,1,522,NA
2016,26/07/2016,2016002,16055,f,1,300,NA
2016,26/07/2016,2016002,16056,f,1,379,NA
2016,26/07/2016,2016002,16057,m,1,517,NA
2016,26/07/2016,2016002,16058,f,1,425,NA
2016,26/07/2016,2016002,16059,f,1,454,NA
2016,26/07/2016,2016002,16060,m,1,539,NA
2016,26/07/2016,2016002,16061,f,1,328,NA
2016,26/07/2016,2016002,16062,f,1,443,NA
2016,26/07/2016,2016002,16064,m,1,233,NA
2016,26/07/2016,2016002,16065,f,1,432,NA
2016,26/07/2016,2016002,16066,m,1,389,NA
2016,26/07/2016,2016002,16067,m,1,533,NA
2016,26/07/2016,2016002,16068,f,1,360,NA
2016,26/07/2016,2016002,16069,m,1,247,NA
2016,26/07/2016,2016002,16070,m,1,465,NA
2016,26/07/2016,2016002,16071,m,1,526,NA
2016,26/07/2016,2016002,16072,f,1,439,NA
2016,26/07/2016,2016002,16073,m,1,548,NA
2016,26/07/2016,2016002,16074,m,1,404,NA
2016,26/07/2016,2016002,16075,m,1,263,NA
2016,26/07/2016,2016002,16076,f,1,420,NA
2016,26/07/2016,2016002,16077,f,1,435,NA
2016,26/07/2016,2016002,16078,m,1,447,NA
2016,26/07/2016,2016002,16079,m,1,493,NA
2016,26/07/2016,2016002,16080,f,1,400,NA
2016,26/07/2016,2016002,16081,f,1,442,NA
2016,26/07/2016,2016002,16082,f,1,413,NA
2016,26/07/2016,2016002,16083,m,1,391,NA
2016,26/07/2016,2016002,16084,m,1,336,NA
2016,26/07/2016,2016002,16085,f,1,410,NA
2016,26/07/2016,2016002,16086,f,1,437,NA
2016,26/07/2016,2016002,16087,m,1,398,NA
2016,26/07/2016,2016002,16088,f,1,422,NA
2016,26/07/2016,2016002,16089,f,1,365,NA
2016,26/07/2016,2016002,16090,m,1,260,NA
2016,26/07/2016,2016002,16091,m,1,441,NA
2016,26/07/2016,2016002,16092,f,1,362,NA
2016,26/07/2016,2016002,16093,f,1,423,NA
2016,26/07/2016,2016002,16094,f,1,394,NA
2016,26/07/2016,2016002,16095,f,1,411,NA
2016,26/07/2016,2016002,16096,m,1,551,NA
2016,26/07/2016,2016002,16097,m,1,480,NA
2016,26/08/2016,2016004,16101,f,1,424,NA
2016,26/08/2016,2016004,16102,m,1,393,NA
2016,26/08/2016,2016004,16103,f,1,424,NA
2016,26/08/2016,2016004,16104,f,1,425,NA
2016,26/08/2016,2016004,16105,m,1,381,NA
2016,26/08/2016,2016004,16106,m,1,503,NA
2016,26/08/2016,2016004,16107,f,1,408,NA
2016,26/08/2016,2016004,16108,m,1,306,NA
2016,26/08/2016,2016004,16109,m,1,521,NA
2016,28/08/2016,2016005,16111,NA,1,NA,NA
2016,28/08/2016,2016005,16112,NA,1,NA,NA
2016,28/08/2016,2016005,16113,NA,1,NA,NA
2016,28/08/2016,2016005,16114,NA,1,NA,NA
2016,28/08/2016,2016005,16115,NA,1,NA,NA
2016,28/08/2016,2016005,16116,NA,1,NA,NA
2016,28/08/2016,2016005,16117,NA,1,NA,NA
2016,28/08/2016,2016005,16118,NA,1,NA,NA
2016,28/08/2016,2016005,16119,NA,1,NA,NA
2016,28/08/2016,2016005,16120,NA,1,NA,NA
2016,28/08/2016,2016005,16121,NA,1,NA,NA
2016,28/08/2016,2016005,16122,NA,1,NA,NA
2016,28/08/2016,2016005,16123,NA,1,NA,NA
2016,28/08/2016,2016005,16124,NA,1,NA,NA
2016,28/08/2016,2016005,16125,NA,1,NA,NA
2016,28/08/2016,2016005,16126,NA,1,NA,NA
2016,28/08/2016,2016005,16127,NA,1,NA,NA
2016,28/08/2016,2016005,16128,NA,1,NA,NA
2016,28/08/2016,2016005,16129,NA,1,NA,NA
2016,28/08/2016,2016005,16131,f,1,NA,NA
2016,28/08/2016,2016005,16132,NA,1,NA,NA
2016,28/08/2016,2016005,16133,NA,1,NA,NA
2016,28/08/2016,2016005,16134,NA,1,NA,NA
2016,28/08/2016,2016005,16135,NA,1,NA,NA
2016,28/08/2016,2016005,16136,NA,1,NA,NA
2016,28/08/2016,2016005,16137,NA,1,NA,NA
2016,28/08/2016,2016005,16138,NA,1,NA,NA
2016,28/08/2016,2016005,16139,NA,1,NA,NA
2016,28/08/2016,2016005,16140,NA,1,NA,NA
2016,28/08/2016,2016005,16141,NA,1,NA,NA
2016,28/08/2016,2016005,16142,NA,1,NA,NA
2016,28/08/2016,2016005,16143,NA,1,NA,NA
2016,28/08/2016,2016005,16144,NA,1,NA,NA
2016,28/08/2016,2016005,16145,NA,1,NA,NA
2016,28/08/2016,2016005,16146,NA,1,NA,NA
2016,28/08/2016,2016005,16147,NA,1,NA,NA
2016,28/08/2016,2016005,16148,NA,1,NA,NA
2016,28/08/2016,2016005,16149,NA,1,NA,NA
2016,28/08/2016,2016005,16150,NA,1,NA,NA
2016,28/08/2016,2016005,16151,NA,1,NA,NA
2016,28/08/2016,2016005,16152,NA,1,NA,NA
2016,28/08/2016,2016005,16153,NA,1,NA,NA
2016,28/08/2016,2016005,16154,NA,1,NA,NA
2016,28/08/2016,2016005,16155,NA,1,NA,NA
2016,28/08/2016,2016005,16156,NA,1,NA,NA
2016,28/08/2016,2016005,16157,NA,1,NA,NA
2016,28/08/2016,2016005,16158,NA,1,NA,NA
2016,28/08/2016,2016005,16159,NA,1,NA,NA
2016,28/08/2016,2016005,16160,NA,1,NA,NA
2016,28/08/2016,2016005,16161,NA,1,NA,NA
2016,28/08/2016,2016005,16162,NA,1,NA,NA
2016,28/08/2016,2016005,16163,NA,1,NA,NA
2016,28/08/2016,2016005,16164,NA,1,NA,NA
2016,28/08/2016,2016005,16165,NA,1,NA,NA
2016,28/08/2016,2016005,16166,NA,1,NA,NA
2016,28/08/2016,2016005,16167,NA,1,NA,NA
2016,28/08/2016,2016005,16168,NA,1,NA,NA
2016,28/08/2016,2016005,16169,NA,1,NA,NA
2016,28/08/2016,2016005,16170,NA,1,NA,NA
2016,28/08/2016,2016005,16171,NA,1,NA,NA
2016,28/08/2016,2016005,16172,NA,1,NA,NA
2016,28/08/2016,2016005,16173,NA,1,NA,NA
2016,28/08/2016,2016005,16174,NA,1,NA,NA
2016,28/08/2016,2016005,16175,NA,1,NA,NA
2016,28/08/2016,2016005,16176,NA,1,NA,NA
2016,28/08/2016,2016005,16177,NA,1,NA,NA
2016,28/08/2016,2016005,16178,NA,1,NA,NA
2017,21/05/2017,2017001,17001,m,1,459,NA
2017,21/05/2017,2017001,17002,f,1,408,NA
2017,21/05/2017,2017001,17003,f,1,446,NA
2017,21/05/2017,2017001,17004,f,1,477,NA
2017,21/05/2017,2017001,17005,f,1,433,NA
2017,21/05/2017,2017001,17006,f,1,554,NA
2017,21/05/2017,2017001,17007,m,1,546,NA
2017,21/05/2017,2017001,17008,m,1,320,NA
2017,21/05/2017,2017001,17009,m,1,436,NA
2017,21/05/2017,2017001,17010,m,1,548,NA
2017,21/05/2017,2017001,17011,f,1,421,NA
2017,21/05/2017,2017001,17012,m,1,570,NA
2017,21/05/2017,2017001,17014,m,1,587,NA
2017,21/05/2017,2017001,17015,f,1,434,NA
2017,21/05/2017,2017001,17016,f,1,402,1
2017,21/05/2017,2017001,17017,f,1,411,1
2017,21/05/2017,2017001,17018,m,1,383,1
2017,21/05/2017,2017001,17019,f,1,408,1
2017,21/05/2017,2017001,17020,f,1,421,1
2017,21/05/2017,2017001,17021,f,1,413,1
2017,21/05/2017,2017001,17022,m,1,406,1
2017,21/05/2017,2017001,17023,f,1,306,1
2017,21/05/2017,2017001,17024,f,1,456,1
2017,21/05/2017,2017001,17025,f,1,386,1
2017,21/05/2017,2017001,17026,m,1,409,NA
2017,21/05/2017,2017001,17027,f,1,411,NA
2017,21/05/2017,2017001,17028,m,1,368,NA
2017,21/05/2017,2017001,17029,f,1,336,NA
2017,21/05/2017,2017001,17030,m,1,402,NA
2017,21/05/2017,2017001,17031,m,1,420,NA
2017,21/05/2017,2017001,17032,f,1,435,NA
2017,21/05/2017,2017001,17033,f,1,446,NA
2017,21/05/2017,2017001,17034,f,1,410,NA
2017,21/05/2017,2017001,17035,f,1,434,NA
2017,21/05/2017,2017001,17036,f,1,319,NA
2017,21/05/2017,2017001,17037,m,1,528,NA
2017,21/05/2017,2017001,17038,m,1,302,NA
2017,21/05/2017,2017001,17039,f,1,431,NA
2017,21/05/2017,2017001,17040,m,1,437,NA
2017,21/05/2017,2017001,17041,m,1,338,NA
2017,21/05/2017,2017001,17042,f,1,443,NA
2017,21/05/2017,2017001,17043,f,1,408,NA
2017,21/05/2017,2017001,17044,m,1,376,NA
2017,21/05/2017,2017001,17045,m,1,237,NA
2017,21/05/2017,2017001,17046,f,1,407,NA
2017,21/05/2017,2017001,17048,m,1,426,NA
2017,21/05/2017,2017001,17049,m,1,365,NA
2017,21/05/2017,2017001,17050,m,1,332,NA
2017,21/05/2017,2017001,17051,f,1,403,NA
2017,21/05/2017,2017001,17052,m,1,458,NA
2017,21/05/2017,2017001,17053,m,1,412,NA
2017,21/05/2017,2017001,17054,f,1,434,NA
2017,21/05/2017,2017001,17055,f,1,374,NA
2017,21/05/2017,2017001,17056,m,1,550,NA
2017,21/05/2017,2017001,17057,m,1,410,NA
2017,21/05/2017,2017001,17058,m,1,522,NA
2017,21/05/2017,2017001,17059,m,1,503,NA
2017,21/05/2017,2017001,17060,f,1,431,NA
2017,21/05/2017,2017001,17061,f,1,415,NA
2017,21/05/2017,2017001,17062,m,1,508,NA
2017,21/05/2017,2017001,17063,m,1,230,NA
2017,21/05/2017,2017001,17064,f,1,212,NA
2017,21/05/2017,2017001,17065,f,1,407,NA
2017,21/05/2017,2017001,17066,f,1,430,NA
2017,21/05/2017,2017001,17067,f,1,412,NA
2017,21/05/2017,2017001,17068,f,1,415,NA
2017,21/05/2017,2017001,17069,f,1,460,NA
2017,21/05/2017,2017001,17070,m,1,570,NA
2017,21/05/2017,2017001,17071,f,1,354,NA
2017,21/05/2017,2017001,17072,f,1,392,NA
2017,21/05/2017,2017001,17075,m,1,482,NA
2017,21/05/2017,2017001,17076,f,1,429,NA
2017,21/05/2017,2017001,17077,f,1,291,NA
2017,21/05/2017,2017001,17078,m,1,448,NA
2017,21/05/2017,2017001,17079,m,1,384,NA
2017,21/05/2017,2017001,17080,f,1,423,NA
2017,21/05/2017,2017001,17081,m,1,452,NA
2017,21/05/2017,2017001,17082,f,1,439,NA
2017,16/06/2017,2017003,17091,f,1,NA,NA
2017,16/06/2017,2017003,17092,f,1,NA,NA
2017,16/06/2017,2017003,17093,m,1,NA,NA
2017,16/06/2017,2017003,17094,f,1,NA,NA
2017,16/06/2017,2017003,17095,f,1,NA,NA
2017,16/06/2017,2017003,17096,f,1,NA,NA
2017,16/06/2017,2017003,17097,m,1,NA,NA
2017,16/06/2017,2017003,17098,f,1,NA,NA
2017,16/06/2017,2017003,17099,f,1,NA,NA
2017,16/06/2017,2017003,17100,m,1,NA,NA
2017,16/06/2017,2017003,17101,f,1,NA,NA
2017,16/06/2017,2017003,17102,m,1,NA,NA
2017,16/06/2017,2017003,17103,f,1,NA,NA
2017,16/06/2017,2017003,17104,f,1,NA,NA
2017,16/06/2017,2017003,17105,m,1,NA,NA
2017,16/06/2017,2017003,17106,f,1,NA,NA
2017,16/06/2017,2017003,17107,f,1,NA,NA
2017,16/06/2017,2017003,17108,f,1,NA,NA
2017,16/06/2017,2017003,17109,f,1,NA,NA
2017,16/06/2017,2017003,17110,m,1,NA,NA
2017,16/06/2017,2017003,17111,f,1,NA,NA
2017,16/06/2017,2017003,17112,f,1,NA,NA
2017,16/06/2017,2017003,17113,m,1,NA,NA
2017,16/06/2017,2017003,17114,f,1,NA,NA
2017,16/06/2017,2017003,17115,m,1,NA,NA
2017,16/06/2017,2017003,17116,f,1,NA,NA
2017,16/06/2017,2017003,17117,f,1,NA,NA
2017,16/06/2017,2017003,17118,f,1,NA,NA
2017,16/06/2017,2017003,17119,m,1,NA,NA
2017,16/06/2017,2017003,17120,f,1,NA,NA
2017,16/06/2017,2017003,17121,m,1,NA,NA
2017,16/06/2017,2017003,17122,f,1,NA,NA
2017,16/06/2017,2017003,17123,f,1,NA,NA
2017,16/06/2017,2017003,17124,m,1,NA,NA
2017,16/06/2017,2017003,17125,m,1,NA,NA
2017,16/06/2017,2017003,17126,f,1,NA,NA
2017,16/06/2017,2017003,17127,m,1,NA,NA
2017,16/06/2017,2017003,17128,m,1,NA,NA
2017,16/06/2017,2017003,17129,f,1,NA,NA
2017,16/06/2017,2017003,17130,f,1,NA,NA
2017,16/06/2017,2017003,17131,m,1,NA,NA
2017,16/06/2017,2017003,17132,f,1,NA,NA
2017,16/06/2017,2017003,17133,f,1,NA,NA
2017,16/06/2017,2017003,17134,f,1,NA,NA
2017,16/06/2017,2017003,17135,m,1,NA,NA
2017,16/06/2017,2017003,17136,m,1,NA,NA
2017,16/06/2017,2017003,17137,f,1,NA,NA
2017,16/06/2017,2017003,17138,f,1,NA,NA
2017,16/06/2017,2017003,17139,m,1,NA,NA
2017,16/06/2017,2017003,17140,f,1,NA,NA
2017,16/06/2017,2017003,17141,m,1,NA,NA
2017,16/06/2017,2017003,17142,f,1,NA,NA
2017,16/06/2017,2017003,17143,m,1,NA,NA
2017,16/06/2017,2017003,17144,f,1,NA,NA
2017,16/06/2017,2017003,17145,f,1,NA,NA
2017,16/06/2017,2017003,17146,f,1,NA,NA
2017,16/06/2017,2017003,17147,m,1,NA,NA
2017,16/06/2017,2017003,17148,f,1,NA,NA
2017,16/06/2017,2017003,17149,m,1,NA,NA
2017,16/06/2017,2017003,17150,m,1,NA,NA
2017,16/06/2017,2017003,17151,f,1,NA,NA
2017,16/06/2017,2017003,17152,f,1,NA,NA
2017,16/06/2017,2017003,17153,f,1,NA,NA
2017,16/06/2017,2017003,17154,f,1,NA,1
2017,16/06/2017,2017003,17155,f,1,NA,1
2017,16/06/2017,2017003,17156,m,1,NA,1
2017,16/06/2017,2017003,17157,m,1,NA,1
2017,16/06/2017,2017003,17158,m,1,NA,1
2017,16/06/2017,2017003,17159,m,1,NA,NA
2017,16/06/2017,2017003,17160,f,1,NA,NA
2017,16/06/2017,2017003,17161,m,1,NA,1
2017,16/06/2017,2017003,17162,f,1,NA,NA
2017,16/06/2017,2017003,17163,f,1,NA,1
2017,16/06/2017,2017003,17164,f,1,NA,1
2017,16/06/2017,2017003,17165,m,1,NA,1
2017,16/06/2017,2017003,17166,f,1,NA,NA
2017,16/06/2017,2017003,17167,f,1,NA,1
2017,16/06/2017,2017003,17168,f,1,NA,NA
2017,16/06/2017,2017003,17169,f,1,NA,NA
2017,16/06/2017,2017003,17170,m,1,NA,NA
2017,16/06/2017,2017003,17171,f,1,NA,NA
2017,16/06/2017,2017003,17172,f,1,NA,NA
2017,16/06/2017,2017003,17173,m,1,NA,NA
2017,16/06/2017,2017003,17174,f,1,NA,NA
2017,16/06/2017,2017003,17175,f,1,NA,NA
2017,16/06/2017,2017003,17176,m,1,NA,NA
2017,16/06/2017,2017003,17177,f,1,NA,NA
2017,16/06/2017,2017003,17178,f,1,NA,NA
2017,16/06/2017,2017003,17179,m,1,NA,NA
2017,16/06/2017,2017003,17180,f,1,NA,NA
2017,16/06/2017,2017003,17181,f,1,NA,NA
2017,16/06/2017,2017003,17182,m,1,NA,NA
2017,16/06/2017,2017003,17183,f,1,NA,NA
2017,16/06/2017,2017003,17184,m,1,NA,NA
2017,16/06/2017,2017003,17185,f,1,NA,NA
2017,16/06/2017,2017003,17186,f,1,NA,NA
2017,16/06/2017,2017003,17187,m,1,NA,NA
2017,16/06/2017,2017003,17188,m,1,NA,NA
2017,16/06/2017,2017003,17189,m,1,NA,NA
2017,16/06/2017,2017003,17190,m,1,NA,NA
2017,16/06/2017,2017003,17191,f,1,NA,NA
2017,16/06/2017,2017003,17192,f,1,NA,NA
2017,16/06/2017,2017003,17193,f,1,NA,NA
2017,16/06/2017,2017003,17194,m,1,NA,NA
2017,16/06/2017,2017003,17195,f,1,NA,NA
2017,16/06/2017,2017003,17196,f,1,NA,NA
2017,16/06/2017,2017003,17197,f,1,NA,NA
2017,16/06/2017,2017003,17198,m,1,NA,NA
2017,16/06/2017,2017003,17199,f,1,NA,NA
2017,16/06/2017,2017003,17200,m,1,NA,NA
2017,16/06/2017,2017003,17201,f,1,NA,NA
2017,16/06/2017,2017003,17202,m,1,NA,NA
2017,16/06/2017,2017003,17203,m,1,NA,NA
2017,16/06/2017,2017003,17204,f,1,NA,NA
2017,16/06/2017,2017003,17205,f,1,NA,NA
2017,16/06/2017,2017003,17206,m,1,NA,NA
2017,16/06/2017,2017003,17207,f,1,NA,NA
2017,16/06/2017,2017003,17208,f,1,NA,NA
2017,16/06/2017,2017003,17209,m,1,NA,NA
2017,16/06/2017,2017003,17210,m,1,NA,NA
2017,16/06/2017,2017003,17211,f,1,NA,NA
2017,16/06/2017,2017003,17212,f,1,NA,NA
2017,16/06/2017,2017003,17213,f,1,NA,NA
2017,16/06/2017,2017003,17214,f,1,NA,NA
2017,16/06/2017,2017003,17215,f,1,NA,NA
2017,16/06/2017,2017003,17216,m,1,NA,NA
2017,16/06/2017,2017003,17217,f,1,NA,NA
2017,16/06/2017,2017003,17218,m,1,NA,NA
2017,16/06/2017,2017003,17219,f,1,NA,NA
2017,16/06/2017,2017003,17220,f,1,NA,NA
2017,16/06/2017,2017003,17221,f,1,NA,NA
2017,26/06/2017,2017004,17231,m,1,NA,NA
2017,26/06/2017,2017004,17232,f,1,NA,NA
2017,26/06/2017,2017004,17233,f,1,NA,NA
2017,26/06/2017,2017004,17234,m,1,NA,NA
2017,26/06/2017,2017004,17235,f,1,NA,NA
2017,26/06/2017,2017004,17236,f,1,NA,NA
2017,26/06/2017,2017004,17237,m,1,NA,NA
2017,26/06/2017,2017004,17238,m,1,NA,NA
2017,26/06/2017,2017004,17239,f,1,NA,NA
2017,26/06/2017,2017004,17240,m,1,NA,NA
2017,26/06/2017,2017004,17241,m,1,NA,NA
2017,26/06/2017,2017004,17242,f,1,NA,NA
2017,26/06/2017,2017004,17243,m,1,NA,NA
2017,26/06/2017,2017004,17244,f,1,NA,NA
2017,26/06/2017,2017004,17245,m,1,NA,NA
2017,26/06/2017,2017004,17246,m,1,NA,NA
2017,26/06/2017,2017004,17247,f,1,NA,NA
2017,26/06/2017,2017004,17248,f,1,NA,NA
2017,26/06/2017,2017004,17249,f,1,NA,NA
2017,26/06/2017,2017004,17250,f,1,NA,NA
2017,26/06/2017,2017004,17251,f,1,NA,NA
2017,26/06/2017,2017004,17252,f,1,NA,NA
2017,26/06/2017,2017004,17253,m,1,NA,NA
2017,26/06/2017,2017004,17254,f,1,NA,NA
2017,26/06/2017,2017004,17255,f,1,NA,NA
2017,26/06/2017,2017004,17256,m,1,NA,NA
2017,26/06/2017,2017004,17257,f,1,NA,NA
2017,26/06/2017,2017004,17258,m,1,NA,NA
2017,26/06/2017,2017004,17259,f,1,NA,NA
2017,26/06/2017,2017004,17260,f,1,NA,NA
2017,26/06/2017,2017004,17261,m,1,NA,NA
2017,26/06/2017,2017004,17262,f,1,NA,NA
2017,26/06/2017,2017004,17263,m,1,NA,NA
2017,26/06/2017,2017004,17264,f,1,NA,NA
2017,26/06/2017,2017004,17265,f,1,NA,NA
2017,26/06/2017,2017004,17266,m,1,NA,NA
2017,26/06/2017,2017004,17267,f,1,NA,NA
2017,26/06/2017,2017004,17268,f,1,NA,NA
2017,26/06/2017,2017004,17269,m,1,NA,NA
2017,26/06/2017,2017004,17270,f,1,NA,NA
2017,26/06/2017,2017004,17271,m,1,NA,NA
2017,26/06/2017,2017004,17272,f,1,NA,NA
2017,26/06/2017,2017004,17273,f,1,NA,NA
2017,26/06/2017,2017004,17274,f,1,NA,NA
2017,26/06/2017,2017004,17275,f,1,NA,NA
2017,26/06/2017,2017004,17276,f,1,NA,NA
2017,26/06/2017,2017004,17277,m,1,NA,NA
2017,26/06/2017,2017004,17278,m,1,NA,NA
2017,26/06/2017,2017004,17279,m,1,NA,NA
2017,26/06/2017,2017004,17280,f,1,NA,NA
2017,26/06/2017,2017004,17281,f,1,NA,NA
2017,26/06/2017,2017004,17282,f,1,NA,NA
2017,26/06/2017,2017004,17283,f,1,NA,NA
2017,26/06/2017,2017004,17284,m,1,NA,NA
2017,26/06/2017,2017004,17285,f,1,NA,NA
2017,26/06/2017,2017004,17286,f,1,NA,NA
2017,26/06/2017,2017004,17287,f,1,NA,1
2017,26/06/2017,2017004,17288,f,1,NA,NA
2017,26/06/2017,2017004,17289,m,1,NA,NA
2017,26/06/2017,2017004,17290,f,1,NA,NA
2017,26/06/2017,2017004,17291,f,1,NA,NA
2017,26/06/2017,2017004,17292,m,1,NA,NA
2017,26/06/2017,2017004,17293,f,1,NA,NA
2017,26/06/2017,2017004,17294,f,1,NA,NA
2017,26/06/2017,2017004,17295,f,1,NA,1
2017,26/06/2017,2017004,17296,m,1,NA,1
2017,26/06/2017,2017004,17297,f,1,NA,1
2017,26/06/2017,2017004,17298,m,1,NA,NA
2017,26/06/2017,2017004,17299,f,1,NA,NA
2017,26/06/2017,2017004,17300,f,1,NA,NA
2017,26/06/2017,2017004,17301,m,1,NA,NA
2017,26/06/2017,2017004,17302,f,1,NA,1
2017,26/06/2017,2017004,17303,f,1,NA,NA
2017,26/06/2017,2017004,17304,f,1,NA,NA
2017,26/06/2017,2017004,17305,f,1,NA,1
2017,26/06/2017,2017004,17306,f,1,NA,1
2017,26/06/2017,2017004,17307,m,1,NA,1
2017,26/06/2017,2017004,17308,f,1,NA,NA
2017,26/06/2017,2017004,17309,f,1,NA,NA
2017,26/06/2017,2017004,17310,m,1,NA,1
2017,26/06/2017,2017004,17311,m,1,NA,1
2017,26/06/2017,2017004,17312,f,1,NA,1
2017,26/06/2017,2017004,17313,f,1,NA,NA
2017,26/06/2017,2017004,17314,f,1,NA,NA
2017,26/06/2017,2017004,17315,m,1,NA,NA
2017,26/06/2017,2017004,17316,f,1,NA,NA
2017,26/06/2017,2017004,17317,m,1,NA,NA
2017,26/06/2017,2017004,17318,f,1,NA,NA
2017,26/06/2017,2017004,17319,f,1,NA,NA
2017,26/06/2017,2017004,17320,f,1,NA,NA
2017,26/06/2017,2017004,17321,f,1,NA,NA
2017,26/06/2017,2017004,17322,f,1,NA,NA
2017,26/06/2017,2017004,17323,f,1,NA,NA
2017,26/06/2017,2017004,17324,m,1,NA,NA
2017,26/06/2017,2017004,17325,m,1,NA,NA
2017,26/06/2017,2017004,17326,f,1,NA,NA
2017,26/06/2017,2017004,17327,f,1,NA,NA
2017,26/06/2017,2017004,17328,f,1,NA,NA
2017,26/06/2017,2017004,17329,m,1,NA,NA
2017,26/06/2017,2017004,17330,f,1,NA,NA
2017,26/06/2017,2017004,17331,f,1,NA,NA
2017,26/06/2017,2017004,17332,m,1,NA,NA
2017,26/06/2017,2017004,17333,f,1,NA,NA
2017,26/06/2017,2017004,17334,f,1,NA,NA
2017,26/06/2017,2017004,17335,f,1,NA,NA
2017,26/06/2017,2017004,17336,f,1,NA,NA
2017,26/06/2017,2017004,17337,f,1,NA,NA
2017,26/06/2017,2017004,17338,m,1,NA,NA
2017,26/06/2017,2017004,17339,f,1,NA,NA
2017,26/06/2017,2017004,17340,f,1,NA,NA
2017,26/06/2017,2017004,17341,m,1,NA,NA
2017,26/06/2017,2017004,17342,m,1,NA,NA
2017,26/06/2017,2017004,17343,m,1,NA,NA
2017,26/06/2017,2017004,17344,f,1,NA,NA
2017,26/06/2017,2017004,17345,f,1,NA,NA
2017,26/06/2017,2017004,17346,m,1,NA,NA
2017,26/06/2017,2017004,17347,f,1,NA,NA
2017,26/06/2017,2017004,17348,m,1,NA,NA
2017,26/06/2017,2017004,17349,f,1,NA,NA
2017,26/06/2017,2017004,17350,m,1,NA,NA
2017,26/06/2017,2017004,17352,f,1,NA,NA
2017,26/06/2017,2017004,17353,m,1,NA,NA
2017,26/06/2017,2017004,17354,f,1,NA,NA
2017,26/06/2017,2017004,17355,m,1,NA,NA
2017,26/06/2017,2017004,17356,m,1,NA,NA
2017,26/06/2017,2017004,17357,m,1,NA,NA
2017,26/06/2017,2017004,17358,m,1,NA,NA
2017,26/06/2017,2017004,17359,m,1,NA,NA
2017,26/06/2017,2017004,17360,f,1,NA,NA
2017,26/06/2017,2017004,17361,m,1,NA,NA
2017,26/06/2017,2017004,17362,m,1,NA,NA
2017,26/06/2017,2017004,17363,m,1,NA,NA
2017,26/06/2017,2017004,17364,m,1,NA,NA
2017,26/06/2017,2017004,17365,m,1,NA,NA
2017,26/06/2017,2017004,17366,f,1,NA,NA
2017,26/06/2017,2017004,17367,f,1,NA,NA
2017,26/06/2017,2017004,17368,m,1,NA,NA
2017,26/06/2017,2017004,17369,f,1,NA,NA
2017,26/06/2017,2017004,17370,f,1,NA,NA
2017,26/06/2017,2017004,17372,f,1,NA,NA
2017,26/06/2017,2017004,17373,f,1,NA,NA
2017,26/06/2017,2017004,17374,f,1,NA,NA
2017,26/06/2017,2017004,17375,f,1,NA,NA
2017,26/06/2017,2017004,17376,f,1,NA,NA
2017,26/06/2017,2017004,17377,f,1,NA,NA
2017,26/06/2017,2017004,17378,m,1,NA,NA
2017,26/06/2017,2017004,17379,f,1,NA,NA
2017,26/06/2017,2017004,17380,m,1,NA,NA
2017,26/06/2017,2017004,17381,m,1,NA,NA
2017,26/06/2017,2017004,17382,f,1,NA,NA
2017,26/06/2017,2017004,17383,f,1,NA,NA
2017,26/06/2017,2017004,17384,m,1,NA,NA
2017,26/06/2017,2017004,17385,f,1,NA,NA
2017,26/06/2017,2017004,17386,m,1,NA,NA
2017,29/06/2017,2017006,17401,f,1,NA,NA
2017,29/06/2017,2017006,17402,m,1,NA,NA
2017,29/06/2017,2017006,17403,f,1,NA,NA
2017,29/06/2017,2017006,17404,m,1,NA,NA
2017,29/06/2017,2017006,17405,m,1,NA,NA
2017,29/06/2017,2017006,17406,f,1,NA,NA
2017,29/06/2017,2017006,17407,f,1,NA,1
2017,29/06/2017,2017006,17408,m,1,NA,1
2017,29/06/2017,2017006,17409,f,1,NA,1
2017,29/06/2017,2017006,17410,f,1,NA,1
2017,29/06/2017,2017006,17411,f,1,NA,NA
2017,29/06/2017,2017006,17412,m,1,NA,NA
2017,29/06/2017,2017006,17413,f,1,NA,NA
2017,29/06/2017,2017006,17414,f,1,NA,1
2017,29/06/2017,2017006,17415,m,1,NA,NA
2017,29/06/2017,2017006,17416,f,1,NA,NA
2017,29/06/2017,2017006,17417,f,1,NA,NA
2017,29/06/2017,2017006,17418,f,1,NA,NA
2017,29/06/2017,2017006,17419,m,1,NA,NA
2017,29/06/2017,2017006,17420,f,1,NA,1
2017,29/06/2017,2017006,17421,f,1,NA,1
2017,29/06/2017,2017006,17422,f,1,NA,NA
2017,29/06/2017,2017006,17423,f,1,NA,1
2017,29/06/2017,2017006,17424,f,1,NA,1
2017,29/06/2017,2017006,17425,m,1,NA,1
2017,29/06/2017,2017006,17426,m,1,NA,NA
2017,29/06/2017,2017006,17427,f,1,NA,NA
2017,29/06/2017,2017006,17428,f,1,NA,NA
2017,29/06/2017,2017006,17429,m,1,NA,NA
2017,29/06/2017,2017006,17430,m,1,NA,NA
2017,29/06/2017,2017006,17431,f,1,NA,NA
2017,29/06/2017,2017006,17432,f,1,NA,NA
2017,29/06/2017,2017006,17433,f,1,NA,NA
2017,29/06/2017,2017006,17434,m,1,NA,NA
2017,29/06/2017,2017006,17435,m,1,NA,NA
2017,29/06/2017,2017006,17436,m,1,NA,NA
2017,29/06/2017,2017006,17437,m,1,NA,NA
2017,29/06/2017,2017006,17438,f,1,NA,NA
2017,29/06/2017,2017006,17439,f,1,NA,NA
2017,29/06/2017,2017006,17440,f,1,NA,NA
2017,29/06/2017,2017006,17441,f,1,NA,NA
2017,29/06/2017,2017006,17442,f,1,NA,NA
2017,29/06/2017,2017006,17443,f,1,NA,NA
2017,05/07/2017,2017007,17451,m,1,NA,NA
2017,05/07/2017,2017007,17452,f,1,NA,NA
2017,05/07/2017,2017007,17453,m,1,NA,NA
2017,05/07/2017,2017007,17454,f,1,NA,1
2017,05/07/2017,2017007,17455,f,1,NA,1
2017,05/07/2017,2017007,17456,f,1,NA,NA
2017,05/07/2017,2017007,17457,m,1,NA,1
2017,05/07/2017,2017007,17458,m,1,NA,1
2017,05/07/2017,2017007,17459,f,1,NA,1
2017,05/07/2017,2017007,17461,f,1,NA,1
2017,05/07/2017,2017007,17462,f,1,NA,1
2017,05/07/2017,2017007,17463,f,1,NA,1
2017,05/07/2017,2017007,17464,m,1,NA,1
2017,05/07/2017,2017007,17465,f,1,NA,NA
2017,05/07/2017,2017007,17471,f,1,NA,NA
2017,05/07/2017,2017007,17472,f,1,NA,NA
2017,05/07/2017,2017007,17473,f,1,NA,NA
2017,05/07/2017,2017007,17474,f,1,NA,NA
2017,05/07/2017,2017007,17475,m,1,NA,NA
2017,05/07/2017,2017007,17476,m,1,NA,NA
2017,05/07/2017,2017007,17477,f,1,NA,NA
2017,05/07/2017,2017007,17478,f,1,NA,NA
2017,05/07/2017,2017007,17479,f,1,NA,NA
2017,05/07/2017,2017007,17480,f,1,NA,NA
2017,05/07/2017,2017007,17481,f,1,NA,NA
2017,05/07/2017,2017007,17482,f,1,NA,NA
2017,05/07/2017,2017007,17483,f,1,NA,NA
2017,05/07/2017,2017007,17484,f,1,NA,NA
2017,05/07/2017,2017007,17485,f,1,NA,NA
2017,05/07/2017,2017007,17486,f,1,NA,NA
2017,05/07/2017,2017007,17487,f,1,NA,NA
2017,05/07/2017,2017007,17488,m,1,NA,NA
2017,05/07/2017,2017007,17489,f,1,NA,NA
2017,05/07/2017,2017007,17490,f,1,NA,NA
2017,05/07/2017,2017007,17491,m,1,NA,NA
2017,05/07/2017,2017007,17492,m,1,NA,NA
2017,05/07/2017,2017007,17493,f,1,NA,NA
2017,05/07/2017,2017007,17494,m,1,NA,NA
2017,05/07/2017,2017007,17495,f,1,NA,NA
2017,05/07/2017,2017007,17496,m,1,NA,NA
2017,05/07/2017,2017007,17497,m,1,NA,NA
2017,05/07/2017,2017007,17498,m,1,NA,NA
2017,05/07/2017,2017007,17499,f,1,NA,NA
2017,05/07/2017,2017007,17500,m,1,NA,NA
2017,05/07/2017,2017007,17501,f,1,NA,NA
2017,05/07/2017,2017007,17502,f,1,NA,NA
2017,05/07/2017,2017007,17503,f,1,NA,NA
2017,05/07/2017,2017007,17504,f,1,NA,NA
2017,05/07/2017,2017007,17505,m,1,NA,NA
2017,05/07/2017,2017007,17506,m,1,NA,NA
2017,05/07/2017,2017007,17507,m,1,NA,NA
2017,05/07/2017,2017007,17508,f,1,NA,NA
2017,05/07/2017,2017007,17509,m,1,NA,NA
2017,05/07/2017,2017007,17510,f,1,NA,NA
2017,05/07/2017,2017007,17511,m,1,NA,NA
2017,05/07/2017,2017007,17512,m,1,NA,NA
2017,05/07/2017,2017007,17513,f,1,NA,NA
2017,05/07/2017,2017007,17514,f,1,NA,NA
2017,05/07/2017,2017007,17515,f,1,NA,NA
2017,05/07/2017,2017007,17516,m,1,NA,NA
2017,05/07/2017,2017007,17517,f,1,NA,NA
2017,05/07/2017,2017007,17518,f,1,NA,NA
2017,18/08/2017,2017019,17561,m,1,NA,1
2017,18/08/2017,2017019,17562,f,1,NA,1
2017,18/08/2017,2017019,17563,f,1,NA,1
2017,18/08/2017,2017019,17564,m,1,NA,1
2017,18/08/2017,2017019,17565,m,1,NA,1
2017,18/08/2017,2017019,17566,m,1,NA,1
2017,18/08/2017,2017019,17567,f,1,NA,1
2017,18/08/2017,2017019,17568,m,1,NA,1
2017,18/08/2017,2017019,17569,m,1,NA,1
2017,18/08/2017,2017019,17570,m,1,NA,1
2017,18/08/2017,2017019,17571,f,1,NA,1
2017,18/08/2017,2017019,17572,f,1,NA,1
2017,18/08/2017,2017019,17573,f,1,NA,1
2017,18/08/2017,2017019,17574,m,1,NA,1
2017,18/08/2017,2017019,17575,f,1,NA,1
2017,18/08/2017,2017019,17576,f,1,NA,1
2017,18/08/2017,2017019,17577,f,1,NA,1
2017,18/08/2017,2017019,17578,f,1,NA,1
2017,18/08/2017,2017019,17579,m,1,NA,1
2017,18/08/2017,2017019,17580,m,1,NA,1
2017,18/08/2017,2017019,17581,m,1,NA,NA
2017,18/08/2017,2017019,17582,f,1,NA,NA
2017,18/08/2017,2017019,17583,m,1,NA,NA
2017,18/08/2017,2017019,17584,f,1,NA,NA
2017,18/08/2017,2017019,17585,f,1,NA,NA
2017,18/08/2017,2017019,17586,f,1,NA,NA
2017,18/08/2017,2017019,17587,f,1,NA,NA
2017,18/08/2017,2017019,17588,f,1,NA,NA
2017,18/08/2017,2017019,17589,m,1,NA,NA
2017,18/08/2017,2017019,17590,f,1,NA,NA
2017,18/08/2017,2017019,17591,m,1,NA,NA
2017,18/08/2017,2017019,17592,f,1,NA,NA
2017,18/08/2017,2017019,17593,f,1,NA,NA
2017,18/08/2017,2017019,17594,m,1,NA,NA
2017,18/08/2017,2017019,17595,f,1,NA,NA
2017,18/08/2017,2017019,17596,m,1,NA,NA
2017,18/08/2017,2017019,17597,f,1,NA,NA
2017,18/08/2017,2017019,17598,f,1,NA,NA
2017,18/08/2017,2017019,17599,f,1,NA,NA
2017,18/08/2017,2017019,17600,f,1,NA,NA
2017,18/08/2017,2017019,17601,f,1,NA,NA
2017,18/08/2017,2017019,17602,f,1,NA,NA
2017,18/08/2017,2017019,17603,m,1,NA,NA
2017,18/08/2017,2017019,17604,m,1,NA,NA
2017,18/08/2017,2017019,17605,f,1,NA,NA
2017,18/08/2017,2017019,17606,m,1,NA,NA
2017,18/08/2017,2017019,17607,f,1,NA,NA
2017,18/08/2017,2017019,17608,f,1,NA,NA
2017,18/08/2017,2017019,17609,f,1,NA,NA
2017,18/08/2017,2017019,17610,f,1,NA,NA
2017,18/08/2017,2017019,17611,f,1,NA,NA
2017,18/08/2017,2017019,17612,m,1,NA,NA
2017,18/08/2017,2017019,17613,m,1,NA,NA
2017,18/08/2017,2017019,17614,f,1,NA,NA
2017,18/08/2017,2017019,17615,m,1,NA,NA
2017,18/08/2017,2017019,17616,f,1,NA,NA
2017,18/08/2017,2017019,17617,f,1,NA,NA
2017,18/08/2017,2017019,17618,f,1,NA,NA
2017,18/08/2017,2017019,17619,m,1,NA,NA
2017,18/08/2017,2017019,17620,f,1,NA,NA
2017,18/08/2017,2017019,17621,f,1,NA,NA
2017,29/08/2017,2017023,17631,m,1,NA,1
2017,29/08/2017,2017023,17632,m,1,NA,NA
2017,29/08/2017,2017023,17633,f,1,NA,1
2017,29/08/2017,2017023,17634,m,1,NA,1
2017,29/08/2017,2017023,17635,f,1,NA,1
2017,29/08/2017,2017023,17636,f,1,NA,1
2017,29/08/2017,2017023,17637,f,1,NA,1
2017,29/08/2017,2017023,17638,m,1,NA,1
2017,29/08/2017,2017023,17639,f,1,NA,1
2017,29/08/2017,2017023,17640,m,1,NA,1
2017,29/08/2017,2017023,17641,f,1,NA,1
2017,29/08/2017,2017023,17642,f,1,NA,1
2017,29/08/2017,2017023,17643,m,1,NA,1
2017,29/08/2017,2017023,17644,m,1,NA,1
2017,29/08/2017,2017023,17645,m,1,NA,1
2017,29/08/2017,2017023,17646,f,1,NA,NA
2017,29/08/2017,2017023,17647,f,1,NA,NA
2017,29/08/2017,2017023,17648,f,1,NA,NA
2017,29/08/2017,2017023,17649,f,1,NA,NA
2017,29/08/2017,2017023,17650,f,1,NA,NA
2017,29/08/2017,2017023,17651,f,1,NA,NA
2017,29/08/2017,2017023,17652,m,1,NA,NA
2017,29/08/2017,2017023,17653,f,1,NA,NA
2017,29/08/2017,2017023,17654,f,1,NA,NA
2017,29/08/2017,2017023,17655,m,1,NA,NA
2017,29/08/2017,2017023,17656,f,1,NA,NA
2017,29/08/2017,2017023,17657,f,1,NA,NA
2017,29/08/2017,2017023,17658,f,1,NA,NA
2017,29/08/2017,2017023,17659,f,1,NA,NA
2017,29/08/2017,2017023,17660,m,1,NA,NA
2017,29/08/2017,2017023,17661,m,1,NA,NA
2017,29/08/2017,2017023,17662,f,1,NA,NA
2017,29/08/2017,2017023,17663,m,1,NA,NA
2017,29/08/2017,2017023,17664,m,1,NA,NA
2017,29/08/2017,2017023,17665,m,1,NA,NA
2017,29/08/2017,2017023,17666,f,1,NA,NA
2017,29/08/2017,2017023,17667,m,1,NA,NA
2017,29/08/2017,2017023,17668,f,1,NA,NA
2017,29/08/2017,2017023,17669,f,1,NA,NA
2017,29/08/2017,2017023,17670,f,1,NA,NA
2017,29/08/2017,2017023,17671,m,1,NA,NA
2017,29/08/2017,2017023,17672,m,1,NA,1
2018,30/06/2018,2018004,17673,f,1,NA,NA
2018,30/06/2018,2018004,17674,NA,1,NA,NA
2018,30/06/2018,2018004,17675,m,1,NA,NA
2018,30/06/2018,2018004,17676,f,1,NA,NA
2018,30/06/2018,2018004,17677,f,1,NA,NA
2018,30/06/2018,2018004,17678,f,1,NA,NA
2018,30/06/2018,2018004,17679,f,1,NA,NA
2018,30/06/2018,2018004,17680,f,1,NA,NA
2018,30/06/2018,2018004,17681,f,1,NA,NA
2018,30/06/2018,2018004,17682,m,1,NA,NA
2018,30/06/2018,2018004,17683,f,1,NA,NA
2018,30/06/2018,2018004,17684,NA,1,NA,NA
2018,30/06/2018,2018004,17685,NA,1,NA,NA
2018,30/06/2018,2018004,17686,NA,1,NA,NA
2018,30/06/2018,2018004,17687,f,1,NA,NA
2018,30/06/2018,2018004,17688,NA,1,NA,NA
2018,30/06/2018,2018004,17689,f,1,NA,NA
2018,30/06/2018,2018004,17690,f,1,NA,NA
2018,30/06/2018,2018004,17691,NA,1,NA,NA
2018,30/06/2018,2018004,17692,f,1,NA,NA
2018,30/06/2018,2018004,17693,NA,1,NA,NA
2018,30/06/2018,2018004,17694,NA,1,NA,NA
2018,30/06/2018,2018004,17695,f,1,NA,NA
2018,30/06/2018,2018004,17696,m,1,NA,NA
2018,30/06/2018,2018004,17697,NA,1,NA,NA
2018,30/06/2018,2018004,17698,m,1,NA,NA
2018,24/07/2018,2018005,17701,m,1,NA,NA
2018,24/07/2018,2018005,17702,f,1,NA,NA
2018,24/07/2018,2018005,17703,f,1,NA,1
2018,24/07/2018,2018005,17704,f,1,NA,1
2018,24/07/2018,2018005,17705,f,1,NA,NA
2018,24/07/2018,2018005,17706,m,1,NA,NA
2018,24/07/2018,2018005,17707,f,1,NA,NA
2018,24/07/2018,2018005,17708,f,1,NA,1
2018,24/07/2018,2018005,17709,m,1,NA,NA
2018,24/07/2018,2018005,17710,f,1,NA,NA
2018,24/07/2018,2018005,17711,f,1,NA,NA
2018,24/07/2018,2018005,17712,f,1,NA,NA
2018,24/07/2018,2018005,17713,f,1,NA,NA
2018,24/07/2018,2018005,17714,f,1,NA,1
2018,24/07/2018,2018005,17715,f,1,NA,NA
2018,24/07/2018,2018005,17716,f,1,NA,NA
2018,24/07/2018,2018005,17717,f,1,NA,NA
2018,24/07/2018,2018005,17718,f,1,NA,NA
2018,24/07/2018,2018005,17719,f,1,NA,NA
2018,24/07/2018,2018005,17720,f,1,NA,NA
2018,24/07/2018,2018005,17721,m,1,NA,NA
2018,24/07/2018,2018005,17722,f,1,NA,NA
2018,24/07/2018,2018005,17723,m,1,NA,NA
2018,24/07/2018,2018005,17724,m,1,NA,NA
2018,24/07/2018,2018005,17725,f,1,NA,NA
2018,24/07/2018,2018005,17726,m,1,NA,NA
2018,24/07/2018,2018005,17727,m,1,NA,NA
2018,24/07/2018,2018005,17728,m,1,NA,NA
2018,24/07/2018,2018005,17729,m,1,NA,NA
2018,24/07/2018,2018005,17730,f,1,NA,NA
2018,24/07/2018,2018005,17731,f,1,NA,NA
2018,24/07/2018,2018005,17732,f,1,NA,NA
2018,24/07/2018,2018005,17733,m,1,NA,NA
2018,24/07/2018,2018005,17734,f,1,NA,NA
2018,24/07/2018,2018005,17735,f,1,NA,NA
2018,24/07/2018,2018005,17736,f,1,NA,NA
2018,24/07/2018,2018005,17737,f,1,NA,NA
2018,24/07/2018,2018005,17738,m,1,NA,NA
2018,24/07/2018,2018005,17739,f,1,NA,NA
2018,24/07/2018,2018005,17740,f,1,NA,NA
2018,24/07/2018,2018005,17741,m,1,NA,NA
2018,24/07/2018,2018005,17742,f,1,NA,NA
2018,24/07/2018,2018005,17743,m,1,NA,1
2018,24/07/2018,2018005,17744,f,1,NA,NA
2018,24/07/2018,2018005,17745,f,1,NA,NA
2018,24/07/2018,2018005,17746,m,1,NA,NA
2018,24/07/2018,2018005,17747,f,1,NA,NA
2018,24/07/2018,2018005,17748,f,1,NA,NA
2018,24/07/2018,2018005,17749,m,1,NA,NA
2018,24/07/2018,2018005,17750,f,1,NA,NA
2018,24/07/2018,2018005,17751,f,1,NA,NA
2018,30/07/2018,2018007,17752,m,1,NA,NA
2018,30/07/2018,2018007,17753,f,1,NA,NA
2018,30/07/2018,2018007,17754,f,1,NA,1
2018,30/07/2018,2018007,17755,m,1,NA,1
2018,30/07/2018,2018007,17756,m,1,NA,NA
2018,30/07/2018,2018007,17757,f,1,NA,1
2018,30/07/2018,2018007,17758,m,1,NA,NA
2018,30/07/2018,2018007,17759,f,1,NA,1
2018,30/07/2018,2018007,17760,f,1,NA,1
2018,30/07/2018,2018007,17761,f,1,NA,NA
2018,30/07/2018,2018007,17762,f,1,NA,NA
2018,30/07/2018,2018007,17763,m,1,NA,NA
2018,30/07/2018,2018007,17764,m,1,NA,NA
2018,30/07/2018,2018007,17765,m,1,NA,NA
2018,30/07/2018,2018007,17766,f,1,NA,NA
2018,30/07/2018,2018007,17767,m,1,NA,NA
2018,30/07/2018,2018007,17768,f,1,NA,NA
2018,30/07/2018,2018007,17769,f,1,NA,NA
2018,30/07/2018,2018007,17770,f,1,NA,NA
2018,30/07/2018,2018007,17771,f,1,NA,NA
2018,30/07/2018,2018007,17772,m,1,NA,NA
2018,30/07/2018,2018007,17773,f,1,NA,NA
2018,30/07/2018,2018007,17774,m,1,NA,NA
2018,30/07/2018,2018007,17775,f,1,NA,NA
2018,30/07/2018,2018007,17776,f,1,NA,NA
2018,30/07/2018,2018007,17777,f,1,NA,NA
2018,30/07/2018,2018007,17778,f,1,NA,NA
2018,30/07/2018,2018007,17779,f,1,NA,NA
2018,30/07/2018,2018007,17780,f,1,NA,NA
2018,30/07/2018,2018007,17781,m,1,NA,NA
2018,30/07/2018,2018007,17782,m,1,NA,NA
2018,30/07/2018,2018007,17783,f,1,NA,NA
2018,30/07/2018,2018007,17784,f,1,NA,NA
2018,30/07/2018,2018007,17785,m,1,NA,NA
2018,30/07/2018,2018007,17786,f,1,NA,NA
2018,30/07/2018,2018007,17787,m,1,NA,NA
2018,30/07/2018,2018007,17788,f,1,NA,NA
2018,30/07/2018,2018007,17789,f,1,NA,NA
2019,29/04/2019,2019002,19001,f,1,NA,NA
2019,29/04/2019,2019002,19002,f,1,NA,NA
2019,29/04/2019,2019002,19003,m,1,NA,NA
2019,29/04/2019,2019002,19004,f,1,NA,NA
2019,29/04/2019,2019002,19005,f,1,NA,NA
2019,29/04/2019,2019002,19006,f,1,NA,NA
2019,29/04/2019,2019002,19007,f,1,NA,NA
2019,29/04/2019,2019002,19008,f,1,NA,NA
2019,29/04/2019,2019002,19009,f,1,NA,NA
2019,29/04/2019,2019002,19010,f,1,NA,NA
2019,29/04/2019,2019002,19011,f,1,NA,NA
2019,29/04/2019,2019002,19012,f,1,NA,NA
2019,29/04/2019,2019002,19013,f,1,NA,NA
2019,29/04/2019,2019002,19014,f,1,NA,NA
2019,29/04/2019,2019002,19015,f,1,NA,NA
2019,29/04/2019,2019002,19016,f,1,NA,NA
2019,29/04/2019,2019002,19017,f,1,NA,NA
2019,29/04/2019,2019002,19018,f,1,NA,NA
2019,29/04/2019,2019002,19019,f,1,NA,NA
2019,29/04/2019,2019002,19020,f,1,NA,1
2019,29/04/2019,2019002,19021,f,1,NA,1
2019,29/04/2019,2019002,19022,f,1,NA,1
2019,29/04/2019,2019002,19023,f,1,NA,1
2019,29/04/2019,2019002,19024,f,1,NA,1
2019,29/04/2019,2019002,19025,f,1,NA,NA
2019,29/04/2019,2019002,19026,f,1,NA,NA
2019,29/04/2019,2019002,19027,f,1,NA,NA
2019,29/04/2019,2019002,19028,m,1,NA,NA
2019,29/04/2019,2019002,19029,m,1,NA,NA
2019,29/04/2019,2019002,19030,f,1,NA,NA
2019,29/04/2019,2019002,19031,f,1,NA,NA
2019,29/04/2019,2019002,19032,f,1,NA,NA
2019,29/04/2019,2019002,19033,f,1,NA,NA
2019,29/04/2019,2019002,19034,f,1,NA,NA
2019,29/05/2019,2019006,19035,f,1,NA,NA
2019,29/05/2019,2019006,19036,f,1,NA,NA
2019,29/05/2019,2019006,19037,f,1,NA,NA
2019,29/05/2019,2019006,19038,f,1,NA,NA
2019,29/05/2019,2019006,19039,f,1,NA,NA
2019,29/05/2019,2019006,19040,f,1,NA,NA
2019,29/05/2019,2019006,19041,f,1,NA,1
2019,29/05/2019,2019006,19042,f,1,NA,1
2019,29/05/2019,2019006,19043,m,1,NA,1
2019,29/05/2019,2019006,19044,f,1,NA,1
2019,29/05/2019,2019006,19045,f,1,NA,1
2019,29/05/2019,2019006,19046,f,1,NA,NA
2019,29/05/2019,2019006,19047,f,1,NA,NA
2019,29/05/2019,2019006,19048,f,1,NA,NA
2019,29/05/2019,2019006,19049,f,1,NA,NA
2019,29/05/2019,2019006,19050,f,1,NA,NA
2019,29/05/2019,2019006,19051,f,1,NA,NA
2019,29/05/2019,2019006,19052,f,1,NA,NA
2019,29/05/2019,2019006,19053,f,1,NA,NA
2019,29/05/2019,2019006,19054,f,1,NA,NA
2019,29/05/2019,2019006,19055,f,1,NA,NA
2019,29/05/2019,2019006,19056,f,1,NA,NA
2019,29/05/2019,2019006,19057,f,1,NA,NA
2019,29/05/2019,2019006,19058,f,1,NA,NA
2019,29/05/2019,2019006,19059,f,1,NA,NA
2019,29/05/2019,2019006,19060,f,1,NA,NA
2019,29/05/2019,2019006,19061,f,1,NA,NA
2019,29/05/2019,2019006,19062,f,1,NA,NA
2019,29/05/2019,2019006,19063,f,1,NA,NA
2019,29/05/2019,2019006,19064,f,1,NA,NA
2019,29/05/2019,2019006,19065,f,1,NA,NA
2019,29/05/2019,2019006,19066,f,1,NA,NA
2019,29/05/2019,2019006,19067,f,1,NA,NA
2019,29/05/2019,2019006,19068,f,1,NA,NA
2019,29/05/2019,2019006,19069,f,1,NA,NA
2019,29/05/2019,2019006,19070,f,1,NA,NA
2019,29/05/2019,2019006,19071,f,1,NA,NA
2019,29/05/2019,2019006,19072,f,1,NA,NA
2019,29/05/2019,2019006,19073,f,1,NA,NA
2019,29/05/2019,2019006,19074,f,1,NA,NA
2019,29/05/2019,2019006,19075,f,1,NA,NA
2019,29/05/2019,2019006,19076,f,1,NA,NA
2019,29/05/2019,2019006,19077,f,1,NA,NA
2019,29/05/2019,2019006,19078,f,1,NA,NA
2019,29/05/2019,2019006,19079,f,1,NA,NA
2019,29/05/2019,2019006,19080,f,1,NA,NA
2019,29/05/2019,2019006,19081,f,1,NA,NA
2019,29/05/2019,2019006,19082,f,1,NA,NA
2019,29/05/2019,2019006,19083,f,1,NA,NA
2019,29/05/2019,2019006,19084,f,1,NA,NA
2019,29/05/2019,2019006,19085,f,1,NA,NA
2019,29/05/2019,2019006,19086,f,1,NA,NA
2019,29/05/2019,2019006,19087,f,1,NA,NA
2019,29/05/2019,2019006,19088,f,1,NA,NA
2019,29/05/2019,2019006,19089,f,1,NA,NA
2019,29/05/2019,2019006,19090,f,1,NA,NA
2019,29/05/2019,2019006,19091,f,1,NA,NA
2019,29/05/2019,2019006,19092,f,1,NA,NA
2019,29/05/2019,2019006,19093,f,1,NA,NA
2019,29/05/2019,2019006,19094,f,1,NA,NA
2019,29/05/2019,2019006,19095,f,1,NA,NA
2019,29/05/2019,2019006,19096,f,1,NA,NA
2019,29/05/2019,2019006,19097,f,1,NA,NA
2019,29/05/2019,2019006,19098,f,1,NA,NA
2019,29/05/2019,2019006,19099,f,1,NA,NA
2019,29/05/2019,2019006,19100,m,1,NA,NA
2019,29/05/2019,2019006,19101,f,1,NA,NA
2019,29/05/2019,2019006,19102,f,1,NA,NA
2019,29/05/2019,2019006,19103,f,1,NA,NA
2019,29/05/2019,2019006,19104,f,1,NA,NA
2019,29/05/2019,2019006,19106,f,1,NA,NA
2019,29/05/2019,2019006,19107,f,1,NA,NA
2019,29/05/2019,2019006,19108,f,1,NA,NA
2019,29/05/2019,2019006,19109,f,1,NA,NA
2019,29/05/2019,2019006,19110,f,1,NA,NA
2019,02/08/2019,2019010,17532,f,1,NA,NA
2019,02/08/2019,2019010,17533,m,1,NA,NA
2019,02/08/2019,2019010,17534,f,1,NA,1
2019,02/08/2019,2019010,17535,m,1,NA,NA
2019,02/08/2019,2019010,17536,m,1,NA,NA
2019,02/08/2019,2019010,17537,m,1,NA,NA
2019,02/08/2019,2019010,17538,m,1,NA,1
2019,02/08/2019,2019010,17539,f,1,NA,NA
2019,02/08/2019,2019010,17540,f,1,NA,NA
2019,02/08/2019,2019010,17541,f,1,NA,NA
2019,02/08/2019,2019010,17542,f,1,NA,NA
2019,02/08/2019,2019010,17543,f,1,NA,1
2019,02/08/2019,2019010,17544,f,1,NA,NA
2019,02/08/2019,2019010,17545,f,1,NA,NA
2019,02/08/2019,2019010,17546,m,1,NA,NA
2019,02/08/2019,2019010,17547,m,1,NA,NA
2019,02/08/2019,2019010,17548,f,1,NA,1
2019,02/08/2019,2019010,17549,m,1,NA,1
2019,02/08/2019,2019010,17550,f,1,NA,NA
2019,02/08/2019,2019010,17551,m,1,NA,NA
2019,02/08/2019,2019010,17552,m,1,NA,1
2019,02/08/2019,2019010,17553,f,1,NA,NA
2019,02/08/2019,2019010,17554,f,1,NA,NA
2020,16/10/2020,2020007,17555,m,1,555,NA
2020,16/10/2020,2020007,17556,m,1,408,1
2020,16/10/2020,2020007,17557,m,1,308,1
2020,16/10/2020,2020007,17558,m,1,560,1
2020,16/10/2020,2020007,17559,m,1,322,1
2020,16/10/2020,2020007,17560,m,1,438,NA
2020,16/10/2020,2020007,17561,m,1,555,NA
2020,16/10/2020,2020007,17562,m,1,587,NA
2020,16/10/2020,2020007,17563,f,1,403,NA
2020,16/10/2020,2020007,17564,m,1,563,NA
2020,16/10/2020,2020007,17565,f,1,418,1
2020,16/10/2020,2020007,17566,f,1,408,1
2020,16/10/2020,2020007,17567,m,1,555,NA
2020,16/10/2020,2020007,17568,m,1,564,NA
2020,16/10/2020,2020007,17569,f,1,406,NA
2020,16/10/2020,2020007,17570,f,1,397,1
2020,16/10/2020,2020007,17572,f,1,448,1
2020,16/10/2020,2020007,17573,f,1,414,NA
2020,16/10/2020,2020007,17574,f,1,410,NA
2020,16/10/2020,2020007,17575,m,1,553,NA
2020,16/10/2020,2020007,17576,f,1,416,NA
2020,16/10/2020,2020007,17577,m,1,612,NA
2020,16/10/2020,2020007,17578,m,1,594,NA
2020,16/10/2020,2020007,17579,f,1,425,NA
2020,16/10/2020,2020007,17580,f,1,368,NA
2020,16/10/2020,2020007,17581,f,1,334,NA
2020,16/10/2020,2020007,17582,f,1,433,NA
2020,16/10/2020,2020007,17583,m,1,585,NA
2020,16/10/2020,2020007,17584,f,1,464,NA
2020,16/10/2020,2020007,17585,f,1,273,NA
2020,16/10/2020,2020007,17586,f,1,437,NA
2020,16/10/2020,2020007,17587,f,1,433,NA
2020,16/10/2020,2020007,17588,f,1,435,NA
2020,16/10/2020,2020007,17790,m,1,588,NA
2020,16/10/2020,2020007,17791,m,1,458,NA
2020,16/10/2020,2020007,17792,f,1,380,1
2020,16/10/2020,2020007,17793,m,1,505,NA
2020,16/10/2020,2020007,17794,m,1,545,NA
2020,16/10/2020,2020007,17795,m,1,470,NA
2020,16/10/2020,2020007,17796,f,1,427,1
2020,16/10/2020,2020007,17797,f,1,463,NA
2020,16/10/2020,2020007,17798,m,1,498,NA
2020,16/10/2020,2020007,17799,m,1,510,NA
2020,16/10/2020,2020007,17800,m,1,592,NA
2021,28/04/2021,2021001,210001,m,1,410,NA
2021,28/04/2021,2021001,210002,m,1,364,NA
2021,28/04/2021,2021001,210003,f,1,472,NA
2021,28/04/2021,2021001,210004,m,1,458,NA
2021,28/04/2021,2021001,210005,m,1,520,NA
2021,28/04/2021,2021001,210006,f,1,376,NA
2021,28/04/2021,2021001,210007,m,1,566,NA
2021,28/04/2021,2021001,210008,m,1,450,NA
2021,28/04/2021,2021001,210009,f,1,450,NA
2021,28/04/2021,2021001,210010,f,1,438,NA
2021,27/06/2021,2021003,210011,m,1,576,NA
2021,27/06/2021,2021003,210012,m,1,456,NA
2021,27/06/2021,2021003,210013,f,1,385,NA
2021,27/06/2021,2021003,210014,f,1,448,1
2021,27/06/2021,2021003,210015,f,1,417,NA
2021,27/06/2021,2021003,210016,f,1,453,NA
2021,27/06/2021,2021003,210017,f,1,458,NA
2021,27/06/2021,2021003,210018,m,1,555,NA
2021,27/06/2021,2021003,210019,m,1,557,NA
2021,27/06/2021,2021003,210020,f,1,473,NA
2021,27/06/2021,2021003,210021,f,1,470,NA
2021,27/06/2021,2021003,210022,f,1,488,NA
2021,27/06/2021,2021003,210023,m,1,535,NA
2021,27/06/2021,2021003,210024,m,1,525,NA
2021,27/06/2021,2021003,210025,m,1,559,NA
2021,27/06/2021,2021003,210026,f,1,480,NA
2021,27/06/2021,2021003,210027,f,1,431,NA
2021,27/06/2021,2021003,210028,f,1,506,NA
2021,27/06/2021,2021003,210029,m,1,526,NA
2021,27/06/2021,2021003,210030,f,1,455,NA
2021,27/06/2021,2021003,210031,f,1,440,NA
2021,27/06/2021,2021003,210032,f,1,444,NA
2021,27/06/2021,2021003,210033,f,1,460,NA
2021,27/06/2021,2021003,210034,f,1,417,NA
2021,27/06/2021,2021003,210035,m,1,536,NA
2021,27/06/2021,2021003,210036,m,1,562,NA
2021,27/06/2021,2021003,210037,m,1,516,NA
2021,27/06/2021,2021003,210038,m,1,487,NA
2021,27/06/2021,2021003,210039,f,1,482,NA
2021,27/06/2021,2021003,210040,f,1,441,NA
2021,27/06/2021,2021003,210041,f,1,426,NA
2021,27/06/2021,2021003,210042,f,1,402,1
2021,27/06/2021,2021003,210043,f,1,389,NA
2021,27/06/2021,2021003,210044,m,1,477,NA
2021,27/06/2021,2021003,210045,f,1,424,NA
2021,27/06/2021,2021003,210046,f,1,461,NA
2021,27/06/2021,2021003,210047,m,1,553,NA
2021,27/06/2021,2021003,210048,f,1,441,NA
2021,27/06/2021,2021003,210049,f,1,467,NA
2021,27/06/2021,2021003,210050,f,1,404,NA
2021,27/06/2021,2021003,210051,m,1,585,NA
2021,27/06/2021,2021003,210052,f,1,443,1
2021,27/06/2021,2021003,210053,f,1,452,1
2021,27/06/2021,2021003,210054,f,1,418,1
2021,27/06/2021,2021003,210055,f,1,446,NA
2021,27/06/2021,2021003,210056,f,1,447,NA
2021,27/06/2021,2021003,210057,m,1,519,NA
2021,27/06/2021,2021003,210058,f,1,434,NA
2021,27/06/2021,2021003,210059,m,1,512,NA
2021,27/06/2021,2021003,210060,m,1,530,NA
2021,27/06/2021,2021003,210061,f,1,395,NA
2021,27/06/2021,2021004,210063,f,1,NA,NA
2021,27/06/2021,2021004,210064,f,1,NA,NA
2021,27/06/2021,2021004,210065,f,1,NA,NA
2021,27/06/2021,2021004,210066,f,1,NA,NA
2021,27/06/2021,2021004,210067,f,1,NA,NA
2021,27/06/2021,2021004,210068,f,1,NA,NA
2021,27/06/2021,2021004,210069,f,1,NA,NA
2021,27/06/2021,2021004,210070,f,1,NA,NA
2021,27/06/2021,2021004,210071,f,1,NA,1
2021,27/06/2021,2021004,210072,f,1,NA,NA
2021,27/06/2021,2021004,210073,f,1,NA,NA
2021,27/06/2021,2021004,210074,f,1,NA,NA
2021,27/06/2021,2021004,210075,f,1,NA,NA
2021,27/06/2021,2021004,210076,f,1,NA,NA
2021,27/06/2021,2021004,210077,f,1,NA,NA
2021,27/06/2021,2021004,210078,f,1,NA,NA
2021,27/06/2021,2021004,210079,f,1,NA,NA
2021,27/06/2021,2021004,210080,f,1,NA,NA
2021,27/06/2021,2021004,210081,f,1,NA,NA
2021,27/06/2021,2021004,210082,f,1,NA,1
2021,27/06/2021,2021004,210083,f,1,NA,1
2021,27/06/2021,2021004,210084,f,1,NA,1
2021,27/06/2021,2021004,210085,f,1,NA,NA
2021,27/06/2021,2021004,210086,f,1,NA,NA
2021,27/06/2021,2021004,210087,f,1,NA,NA
2021,27/06/2021,2021004,210088,f,1,NA,NA
2021,27/06/2021,2021004,210089,f,1,NA,NA
2021,27/06/2021,2021004,210090,f,1,NA,NA
2021,27/06/2021,2021004,210091,f,1,NA,NA
2021,27/06/2021,2021004,210092,f,1,NA,NA
2021,27/06/2021,2021004,210093,f,1,NA,NA
2021,27/06/2021,2021004,210094,f,1,NA,NA
2021,27/06/2021,2021004,210095,f,1,NA,NA
2021,27/06/2021,2021004,210096,f,1,NA,NA
2021,27/06/2021,2021004,210097,f,1,NA,NA
2021,27/06/2021,2021004,210098,f,1,NA,NA
2021,27/06/2021,2021004,210099,f,1,NA,NA
2021,27/06/2021,2021004,210100,f,1,NA,NA
2021,07/07/2021,2021005,210101,f,1,416,NA
2021,07/07/2021,2021005,210102,f,1,440,NA
2021,07/07/2021,2021005,210103,m,1,445,NA
2021,07/07/2021,2021005,210104,f,1,455,NA
2021,07/07/2021,2021005,210105,f,1,455,NA
2021,07/07/2021,2021005,210106,f,1,415,1
2021,07/07/2021,2021005,210107,m,1,435,NA
2021,07/07/2021,2021005,210108,m,1,450,1
2021,07/07/2021,2021005,210109,m,1,577,NA
2021,07/07/2021,2021005,210110,m,1,575,NA
2021,07/07/2021,2021005,210111,m,1,437,NA
2021,07/07/2021,2021005,210112,m,1,575,NA
2021,07/07/2021,2021005,210113,f,1,485,NA
2021,07/07/2021,2021005,210114,f,1,450,1
2021,07/07/2021,2021005,210115,m,1,505,1
2021,07/07/2021,2021005,210116,f,1,436,NA
2021,07/07/2021,2021005,210117,m,1,509,NA
2021,07/07/2021,2021005,210118,m,1,551,NA
2021,07/07/2021,2021005,210119,f,1,437,1
2021,07/07/2021,2021005,210120,f,1,463,NA
2021,07/07/2021,2021005,210121,m,1,559,NA
2021,07/07/2021,2021005,210122,m,1,486,NA
2021,07/07/2021,2021005,210123,m,1,278,NA
2021,07/07/2021,2021005,210124,f,1,440,NA
2021,07/07/2021,2021005,210125,f,1,436,NA
2021,07/07/2021,2021005,210126,f,1,410,NA
2021,07/07/2021,2021005,210127,f,1,NA,NA
2021,07/07/2021,2021005,210128,m,1,463,NA
2021,07/07/2021,2021005,210129,f,1,440,NA
2021,07/07/2021,2021005,210130,f,1,423,NA
2021,07/07/2021,2021005,210131,f,1,465,NA
2021,07/07/2021,2021005,210132,f,1,440,NA
2021,07/07/2021,2021005,210133,m,1,542,NA
2021,07/07/2021,2021005,210134,f,1,463,NA
2021,07/07/2021,2021005,210135,f,1,394,NA
2021,07/07/2021,2021005,210136,m,1,190,NA
2021,07/07/2021,2021005,210137,m,1,225,NA
2021,07/07/2021,2021005,210138,f,1,221,NA
2021,07/07/2021,2021005,210139,f,1,253,NA
2021,07/07/2021,2021005,210140,f,1,346,NA
2021,07/07/2021,2021005,210141,f,1,338,NA
2021,07/07/2021,2021005,210142,f,1,405,NA
2021,07/07/2021,2021005,210143,f,1,434,NA
2021,07/07/2021,2021005,210144,f,1,445,NA
2021,07/07/2021,2021005,210145,f,1,430,NA
2021,07/07/2021,2021005,210146,f,1,448,NA
2021,07/07/2021,2021005,210147,f,1,455,NA
2021,07/07/2021,2021005,210148,f,1,477,NA
2021,07/07/2021,2021005,210149,f,1,434,NA
2021,07/07/2021,2021005,210150,f,1,428,NA
2021,07/07/2021,2021005,210151,m,1,403,NA
2021,07/07/2021,2021005,210152,f,1,367,NA
2021,07/07/2021,2021005,210153,f,1,422,NA
2021,07/07/2021,2021005,210154,f,1,388,NA
2021,07/07/2021,2021005,210155,f,1,383,NA
2021,07/07/2021,2021005,210156,f,1,433,NA
2021,07/07/2021,2021005,210157,f,1,451,NA
2021,07/07/2021,2021005,210158,f,1,377,NA
2021,07/07/2021,2021005,210159,f,1,435,NA
2021,07/07/2021,2021005,210160,m,1,520,NA
2021,07/07/2021,2021005,210161,m,1,509,NA
2021,07/07/2021,2021005,210162,f,1,458,NA
2021,07/07/2021,2021005,210163,f,1,436,NA
2021,07/07/2021,2021005,210164,f,1,449,NA
2021,07/07/2021,2021005,210165,f,1,435,NA
2021,07/07/2021,2021005,210166,f,1,407,NA
2021,07/07/2021,2021005,210167,m,1,557,NA
2021,07/07/2021,2021005,210168,f,1,422,NA
2021,07/07/2021,2021005,210169,m,1,579,NA
2021,07/07/2021,2021005,210170,f,1,439,NA
2021,07/07/2021,2021005,210171,m,1,522,NA
2021,07/07/2021,2021005,210172,f,1,450,NA
2021,07/07/2021,2021005,210173,m,1,475,NA
2021,07/07/2021,2021005,210174,f,1,385,NA
2021,07/07/2021,2021005,210175,f,1,420,NA
2021,07/07/2021,2021005,210176,f,1,438,NA
2021,07/07/2021,2021005,210177,m,1,564,NA
2021,01/08/2021,2021007,210178,m,1,372,NA
2021,01/08/2021,2021007,210179,m,1,535,NA
2021,01/08/2021,2021007,210180,f,1,411,NA
2021,01/08/2021,2021007,210181,m,1,465,NA
2021,01/08/2021,2021007,210182,f,1,413,NA
2021,01/08/2021,2021007,210183,f,1,319,1
2021,01/08/2021,2021007,210184,m,1,523,NA
2021,01/08/2021,2021007,210185,f,1,254,1
2021,01/08/2021,2021007,210186,f,1,310,1
2021,01/08/2021,2021007,210187,f,1,400,NA
2021,01/08/2021,2021007,210188,m,1,467,NA
2021,01/08/2021,2021007,210189,f,1,398,NA
2021,01/08/2021,2021007,210190,m,1,438,NA
2021,01/08/2021,2021007,210191,m,1,457,NA
2021,01/08/2021,2021007,210192,f,1,334,NA
2021,01/08/2021,2021007,210193,f,1,406,NA
2021,01/08/2021,2021007,210194,f,1,443,NA
2021,01/08/2021,2021007,210195,f,1,428,1
2021,01/08/2021,2021007,210196,f,1,440,1
2021,01/08/2021,2021007,210197,m,1,439,NA
2021,01/08/2021,2021007,210198,f,1,422,NA
2021,01/08/2021,2021007,210199,f,1,431,1
2021,01/08/2021,2021007,210200,f,1,422,1
2021,01/08/2021,2021007,210201,f,1,418,NA
2021,01/08/2021,2021007,210202,f,1,415,NA
2021,01/08/2021,2021007,210203,f,1,422,NA
2021,01/08/2021,2021007,210204,m,1,191,1
2021,01/08/2021,2021007,210205,f,1,201,1
2021,01/08/2021,2021007,210206,f,1,261,1
2021,01/08/2021,2021007,210207,f,1,263,1
2021,01/08/2021,2021007,210208,m,1,512,NA
2021,01/08/2021,2021007,210209,f,1,392,NA
2021,01/08/2021,2021007,210210,m,1,258,NA
2021,01/08/2021,2021007,210211,f,1,329,NA
2021,01/08/2021,2021007,210212,f,1,428,NA
2021,10/08/2021,2021008,210213,f,1,488,NA
2021,10/08/2021,2021008,210214,m,1,565,NA
2021,10/08/2021,2021008,210215,f,1,469,NA
2021,10/08/2021,2021008,210216,m,1,520,NA
2021,10/08/2021,2021008,210217,f,1,409,NA
2021,10/08/2021,2021008,210218,m,1,566,NA
2021,10/08/2021,2021008,210219,m,1,469,NA
2021,10/08/2021,2021008,210220,m,1,564,NA
2021,10/08/2021,2021008,210221,m,1,554,NA
2021,10/08/2021,2021008,210222,m,1,286,NA
2021,10/08/2021,2021008,210223,m,1,529,NA
2021,10/08/2021,2021008,210224,f,1,460,NA
2021,10/08/2021,2021008,210225,f,1,445,NA
2021,10/08/2021,2021008,210226,m,1,529,NA
2021,10/08/2021,2021008,210227,f,1,457,NA
2021,10/08/2021,2021008,210228,m,1,558,NA
2021,10/08/2021,2021008,210229,m,1,432,NA
2021,10/08/2021,2021008,210230,m,1,492,NA
2021,10/08/2021,2021008,210231,f,1,485,NA
2021,10/08/2021,2021008,210232,m,1,427,NA
2021,10/08/2021,2021008,210233,f,1,449,NA
2021,10/08/2021,2021008,210234,m,1,450,NA
2021,10/08/2021,2021008,210235,f,1,435,1
2021,10/08/2021,2021008,210236,m,1,478,NA
2021,10/08/2021,2021009,210237,f,1,NA,NA
2021,10/08/2021,2021009,210238,f,1,NA,NA
2021,10/08/2021,2021009,210239,f,1,NA,NA
2021,10/08/2021,2021009,210240,f,1,NA,NA
2021,10/08/2021,2021009,210241,m,1,NA,NA
2021,10/08/2021,2021009,210242,f,1,NA,NA
2021,10/08/2021,2021009,210243,f,1,NA,NA
2021,10/08/2021,2021009,210244,f,1,NA,NA
2021,10/08/2021,2021009,210245,f,1,NA,NA
2021,10/08/2021,2021009,210246,f,1,NA,NA
2021,10/08/2021,2021009,210247,f,1,NA,1
2021,10/08/2021,2021009,210248,f,1,NA,NA
2021,10/08/2021,2021009,210249,f,1,NA,1
2021,10/08/2021,2021009,210250,f,1,NA,NA
2021,10/08/2021,2021009,210251,f,1,NA,NA
2021,10/08/2021,2021009,210252,f,1,NA,NA
2021,10/08/2021,2021009,210253,f,1,NA,NA
2021,10/08/2021,2021009,210254,f,1,NA,NA
2021,10/08/2021,2021009,210255,f,1,NA,NA
2021,10/08/2021,2021009,210256,f,1,NA,NA
2021,10/08/2021,2021009,210257,f,1,NA,NA
2021,10/08/2021,2021009,210258,f,1,NA,NA
2021,10/08/2021,2021009,210259,f,1,NA,NA
2021,10/08/2021,2021009,210260,f,1,NA,NA
2021,10/08/2021,2021009,210261,f,1,NA,NA
2021,16/08/2021,2021010,210262,f,1,NA,NA
2021,16/08/2021,2021010,210263,m,1,NA,NA
2021,16/08/2021,2021010,210264,f,1,NA,NA
2021,16/08/2021,2021010,210265,f,1,NA,NA
2021,16/08/2021,2021010,210266,f,1,NA,NA
2021,16/08/2021,2021010,210267,f,1,NA,NA
2021,16/08/2021,2021010,210268,m,1,NA,NA
2021,16/08/2021,2021010,210269,f,1,NA,NA
2021,16/08/2021,2021010,210270,f,1,NA,NA
2021,16/08/2021,2021010,210271,f,1,NA,NA
2021,16/08/2021,2021010,210272,f,1,NA,NA
2021,16/08/2021,2021010,210273,m,1,NA,NA
2021,16/08/2021,2021010,210274,f,1,NA,NA
2021,16/08/2021,2021010,210275,f,1,NA,NA
2021,16/08/2021,2021010,210276,f,1,NA,NA
2021,16/08/2021,2021010,210277,f,1,NA,NA
2021,16/08/2021,2021010,210278,f,1,NA,NA
2021,16/08/2021,2021010,210279,f,1,NA,NA
2021,16/08/2021,2021010,210280,f,1,NA,NA
2021,16/08/2021,2021010,210281,f,1,NA,NA
2021,16/08/2021,2021010,210282,m,1,NA,NA
2021,16/08/2021,2021010,210283,f,1,NA,NA
2021,16/08/2021,2021010,210284,f,1,NA,NA
2021,16/08/2021,2021010,210285,m,1,NA,NA
2021,16/08/2021,2021010,210286,m,1,NA,NA
2021,16/08/2021,2021010,210287,m,1,NA,NA
2021,16/08/2021,2021010,210288,m,1,NA,NA
2021,16/08/2021,2021010,210289,f,1,NA,NA
2021,16/08/2021,2021010,210290,m,1,NA,NA
2021,16/08/2021,2021010,210291,f,1,NA,NA
2021,16/08/2021,2021010,210292,f,1,NA,NA
2021,16/08/2021,2021010,210293,f,1,NA,NA
2021,16/08/2021,2021010,210294,f,1,NA,NA
2021,16/08/2021,2021010,210295,f,1,NA,NA
2021,16/08/2021,2021010,210296,m,1,NA,NA
2021,16/08/2021,2021010,210297,m,1,NA,NA
2021,16/08/2021,2021010,210298,f,1,NA,NA
2021,16/08/2021,2021010,210299,f,1,NA,NA
2021,01/09/2021,2021011,210300,f,1,NA,NA
2021,01/09/2021,2021011,210301,f,1,NA,NA
2021,01/09/2021,2021011,210302,f,1,NA,NA
2021,01/09/2021,2021011,210303,m,1,NA,NA
2021,01/09/2021,2021011,210304,m,1,NA,NA
2021,01/09/2021,2021011,210305,f,1,NA,NA
2021,01/09/2021,2021011,210306,m,1,NA,NA
2021,01/09/2021,2021011,210307,m,1,NA,NA
2021,01/09/2021,2021011,210308,m,1,NA,NA
2021,01/09/2021,2021011,210309,m,1,NA,NA
2021,01/09/2021,2021011,210310,m,1,NA,NA
2021,01/09/2021,2021011,210311,m,1,NA,NA
2021,01/09/2021,2021011,210312,f,1,NA,NA
2021,01/09/2021,2021011,210313,f,1,NA,NA
2021,01/09/2021,2021011,210314,f,1,NA,NA
2021,01/09/2021,2021011,210315,f,1,NA,NA
2021,01/09/2021,2021011,210316,f,1,NA,NA
2021,01/09/2021,2021011,210317,f,1,NA,NA
2021,01/09/2021,2021011,210318,f,1,NA,NA
2021,01/09/2021,2021011,210319,f,1,NA,NA
2021,01/09/2021,2021011,210320,m,1,NA,NA
2021,01/09/2021,2021011,210321,f,1,NA,1
2021,01/09/2021,2021011,210322,m,1,NA,NA
2021,01/09/2021,2021011,210323,f,1,NA,NA
2021,01/09/2021,2021011,210324,f,1,NA,NA
2021,01/09/2021,2021011,210325,m,1,NA,NA
2021,01/09/2021,2021011,210326,f,1,NA,1
2021,01/09/2021,2021011,210327,f,1,NA,1
2021,01/09/2021,2021011,210328,m,1,NA,NA
2021,01/09/2021,2021011,210329,f,1,NA,NA
2021,01/09/2021,2021011,210330,f,1,NA,1
2021,01/09/2021,2021011,210331,f,1,NA,NA
2021,01/09/2021,2021011,210332,f,1,NA,NA
2021,01/09/2021,2021011,210333,f,1,NA,NA
2021,01/09/2021,2021011,210334,m,1,NA,NA
2021,01/09/2021,2021011,210335,m,1,NA,NA
2021,01/09/2021,2021011,210336,f,1,NA,NA
2021,01/09/2021,2021011,210337,m,1,NA,NA
2021,01/09/2021,2021011,210338,m,1,NA,NA
2021,01/09/2021,2021011,210339,f,1,NA,NA
2021,01/09/2021,2021011,210340,f,1,NA,NA
2021,01/09/2021,2021011,210341,f,1,NA,NA
2021,01/09/2021,2021011,210342,f,1,NA,NA
2021,01/09/2021,2021011,210343,f,1,NA,NA
2021,01/09/2021,2021011,210344,f,1,NA,NA
2021,01/09/2021,2021011,210345,f,1,NA,NA
2021,01/09/2021,2021011,210346,f,1,NA,NA
2021,01/09/2021,2021011,210347,f,1,NA,NA
2021,01/09/2021,2021011,210348,m,1,NA,NA
2021,01/09/2021,2021011,210349,m,1,NA,NA
2021,01/09/2021,2021011,210350,m,1,NA,NA
2021,01/09/2021,2021011,210351,m,1,NA,NA
2021,01/09/2021,2021011,210352,m,1,NA,NA
2021,01/09/2021,2021011,210353,m,1,NA,NA
2021,01/09/2021,2021011,210354,m,1,NA,NA
2021,01/09/2021,2021011,210355,f,1,NA,NA
2022,07/05/2022,2022001,220001,f,1,445,NA
2022,07/05/2022,2022001,220002,m,1,504,NA
2022,07/05/2022,2022001,220003,f,1,445,NA
2022,07/05/2022,2022001,220004,f,1,238,NA
2022,07/05/2022,2022001,220005,f,1,456,NA
2022,07/05/2022,2022001,220006,f,1,424,NA
2022,07/05/2022,2022001,220007,f,1,425,NA
2022,07/05/2022,2022001,220008,f,1,428,NA
2022,07/05/2022,2022001,220009,f,1,429,NA
2022,07/05/2022,2022001,220010,m,1,500,NA
2022,07/05/2022,2022001,220011,f,1,429,NA
2022,07/05/2022,2022001,220012,f,1,423,NA
2022,07/05/2022,2022001,220013,f,1,372,NA
2022,07/05/2022,2022001,220014,f,1,419,NA
2022,07/05/2022,2022001,220015,f,1,416,NA
2022,07/05/2022,2022001,220016,m,1,509,NA
2022,07/05/2022,2022001,220017,f,1,267,NA
2022,07/05/2022,2022001,220018,f,1,452,NA
2022,07/05/2022,2022001,220019,m,1,525,NA
2022,07/05/2022,2022001,220020,f,1,398,NA
2022,07/05/2022,2022001,220021,m,1,268,NA
2022,07/05/2022,2022001,220022,m,1,533,NA
2022,07/05/2022,2022001,220023,m,1,281,NA
2022,07/05/2022,2022001,220024,m,1,574,NA
2022,07/05/2022,2022001,220025,m,1,449,NA
2022,07/05/2022,2022001,220026,f,1,433,NA
2022,07/05/2022,2022001,220027,m,1,530,NA
2022,07/05/2022,2022001,220028,f,1,241,NA
2022,07/05/2022,2022001,220029,m,1,492,NA
2022,07/05/2022,2022001,220030,f,1,425,NA
2022,07/05/2022,2022001,220031,m,1,420,NA
2022,07/05/2022,2022001,220032,f,1,453,NA
2022,07/05/2022,2022001,220033,f,1,299,NA
2022,07/05/2022,2022001,220034,m,1,513,NA
2022,07/05/2022,2022001,220035,f,1,418,NA
2022,07/05/2022,2022001,220036,f,1,433,NA
2022,07/05/2022,2022001,220037,f,1,360,1
2022,07/05/2022,2022001,220038,f,1,335,1
2022,07/05/2022,2022001,220039,f,1,423,1
2022,07/05/2022,2022001,220040,f,1,429,1
2022,07/05/2022,2022001,220041,f,1,408,1
2022,07/05/2022,2022001,220042,m,1,439,1
2022,07/05/2022,2022001,220043,f,1,433,1
2022,07/05/2022,2022001,220044,f,1,452,1
2022,07/05/2022,2022001,220045,f,1,422,NA
2022,07/05/2022,2022001,220046,f,1,429,1
2022,07/05/2022,2022001,220047,f,1,401,1
2022,07/05/2022,2022001,220048,f,1,439,NA
2022,07/05/2022,2022001,220049,f,1,428,NA
2022,07/05/2022,2022001,220050,m,1,505,NA
2022,07/05/2022,2022001,220051,f,1,451,NA
2022,07/05/2022,2022001,220052,f,1,330,NA
2022,07/05/2022,2022001,220053,f,1,384,NA
2022,07/05/2022,2022001,220054,f,1,354,NA
2022,07/05/2022,2022001,220055,f,1,432,NA
2022,07/05/2022,2022001,220056,f,1,403,NA
2022,07/05/2022,2022001,220057,f,1,326,NA
2022,07/05/2022,2022001,220058,m,1,490,NA
2022,07/05/2022,2022001,220059,f,1,454,NA
2022,07/05/2022,2022001,220060,m,1,558,NA
2022,07/05/2022,2022001,220061,f,1,205,NA
2022,07/05/2022,2022001,220062,m,1,505,NA
2022,07/05/2022,2022001,220063,m,1,429,NA
2022,17/09/2022,2022008,220165,f,1,442,1
2022,17/09/2022,2022008,220166,f,1,412,NA
2022,17/09/2022,2022008,220167,m,1,558,1
2022,17/09/2022,2022008,220168,f,1,412,1
2022,17/09/2022,2022008,220169,f,1,395,NA
2022,17/09/2022,2022008,220170,m,1,520,NA
2022,17/09/2022,2022008,220171,f,1,426,1
2022,17/09/2022,2022008,220172,f,1,441,NA
2022,17/09/2022,2022008,220173,f,1,424,1
2022,17/09/2022,2022008,220174,f,1,402,1
2022,17/09/2022,2022008,220175,f,1,318,1
2022,17/09/2022,2022008,220176,f,1,432,NA
2022,17/09/2022,2022008,220177,f,1,439,1
2022,17/09/2022,2022008,220178,f,1,428,1
2022,17/09/2022,2022008,220179,f,1,427,NA
2022,17/09/2022,2022008,220180,f,1,426,1
2022,17/09/2022,2022008,220181,f,1,434,1
2022,17/09/2022,2022008,220182,f,1,194,NA
2022,17/09/2022,2022008,220183,f,1,427,NA
2022,17/09/2022,2022008,220184,f,1,426,NA
2022,12/10/2022,2022009,220191,f,1,448,1
2022,12/10/2022,2022009,220192,f,1,338,1
2022,12/10/2022,2022009,220193,f,1,452,1
2022,12/10/2022,2022009,220194,f,1,459,1
2022,12/10/2022,2022009,220195,f,1,432,NA
2022,12/10/2022,2022009,220196,m,1,449,1
2022,12/10/2022,2022009,220197,f,1,430,NA
2022,12/10/2022,2022009,220198,m,1,559,NA
2022,12/10/2022,2022009,220199,m,1,265,NA
2022,12/10/2022,2022009,220200,f,1,431,NA
2022,12/10/2022,2022009,220201,m,1,578,NA
2022,12/10/2022,2022009,220202,f,1,412,NA
2022,12/10/2022,2022009,220203,m,1,551,NA
2022,12/10/2022,2022009,220204,f,1,430,NA
2022,12/10/2022,2022009,220205,m,1,536,NA
2022,12/10/2022,2022009,220206,m,1,545,NA
2022,12/10/2022,2022009,220207,f,1,349,NA
2022,12/10/2022,2022009,220208,f,1,430,1
2022,12/10/2022,2022009,220209,f,1,437,1
2022,12/10/2022,2022009,220210,m,1,442,1
2022,12/10/2022,2022009,220211,f,1,218,1
2022,12/10/2022,2022009,220212,f,1,192,1
2022,12/10/2022,2022009,220213,f,1,419,1
2022,12/10/2022,2022009,220214,f,1,431,1
2022,12/10/2022,2022009,220215,f,1,245,1
2022,12/10/2022,2022009,220216,f,1,407,1
2022,12/10/2022,2022009,220217,m,1,408,1
2022,12/10/2022,2022009,220218,m,1,470,1
2022,12/10/2022,2022009,220219,f,1,442,1
2022,12/10/2022,2022009,220220,f,1,437,1
