DeployID,Ptt,Instr,Date,Type,Quality,Latitude,Longitude,Error radius,Error Semi-major axis,Error Semi-minor axis,Error Ellipse orientation,Offset,Offset orientation,GPE MSD,GPE U,Count,Comment
233997,233997,UT,20:46:59 03-Sep-2022,Argos,A,62.4604,-7.0786,,,,,,,,,,
233997,233997,UT,21:00:57 03-Sep-2022,Argos,B,62.5710,-6.4880,,,,,,,,,,
233997,233997,UT,21:57:22 03-Sep-2022,Argos,B,62.5779,-6.4805,,,,,,,,,,
233997,233997,UT,22:25:08 03-Sep-2022,Argos,A,62.6634,-6.4080,1836,10647,316,114,,,,,,
233997,233997,UT,18:13:35 04-Sep-2022,Argos,B,62.6873,-6.4485,14009,26990,7271,99,,,,,,
233997,233997,UT,18:18:56 04-Sep-2022,Argos,A,62.9680,-6.8309,2298,19415,271,84,,,,,,
233997,233997,UT,18:49:00 04-Sep-2022,Argos,A,62.9772,-6.8379,4202,101781,173,79,,,,,,
233997,233997,UT,18:49:40 04-Sep-2022,Argos,B,62.9725,-6.8539,5989,10883,3296,76,,,,,,
233997,233997,UT,18:50:07 04-Sep-2022,Argos,B,62.9736,-6.8574,1007,2973,341,53,,,,,,
233997,233997,UT,20:01:37 04-Sep-2022,Argos,A,62.9819,-6.9284,173,295,100,109,,,,,,
233997,233997,UT,20:16:28 04-Sep-2022,Argos,B,62.9820,-6.9272,554,1184,259,90,,,,,,
233997,233997,UT,20:23:14 04-Sep-2022,Argos,1,62.9472,-6.8987,1033,2307,461,88,,,,,,
233997,233997,UT,20:23:57 04-Sep-2022,Argos,2,62.9561,-6.8697,306,1811,51,82,,,,,,
233997,233997,UT,20:30:34 04-Sep-2022,Argos,3,62.9430,-6.8786,215,506,91,112,,,,,,
233997,233997,UT,21:32:18 04-Sep-2022,Argos,B,62.9480,-6.9060,2286,5032,1038,90,,,,,,
233997,233997,UT,21:44:51 04-Sep-2022,Argos,B,62.9476,-6.9005,2479,6524,942,95,,,,,,
233997,233997,UT,22:06:05 04-Sep-2022,Argos,3,62.9763,-6.9634,193,1211,30,80,,,,,,
233997,233997,UT,22:07:59 04-Sep-2022,Argos,B,62.9844,-6.9439,1853,5428,632,86,,,,,,
233997,233997,UT,22:08:33 04-Sep-2022,Argos,1,62.9629,-6.9595,1450,3485,603,78,,,,,,
233997,233997,UT,09:50:24 05-Sep-2022,Argos,B,62.9951,-6.9201,21807,104200,4563,102,,,,,,
233997,233997,UT,19:36:15 05-Sep-2022,Argos,B,62.8974,-6.5468,14610,962406,221,72,,,,,,
233997,233997,UT,19:46:31 05-Sep-2022,Argos,1,63.0489,-6.0460,1016,2902,355,86,,,,,,
233997,233997,UT,19:57:47 05-Sep-2022,Argos,A,63.0734,-6.0606,2401,19921,289,87,,,,,,
233997,233997,UT,19:58:52 05-Sep-2022,Argos,A,63.0751,-5.9592,547,1285,232,107,,,,,,
233997,233997,UT,20:03:05 05-Sep-2022,Argos,3,63.0731,-5.9537,248,1374,44,78,,,,,,
233997,233997,UT,20:04:38 05-Sep-2022,Argos,A,63.0719,-5.9596,229,709,74,118,,,,,,
233997,233997,UT,21:16:39 05-Sep-2022,Argos,B,63.1024,-5.9656,823,13863,48,90,,,,,,
233997,233997,UT,21:28:29 05-Sep-2022,Argos,B,63.1039,-5.9663,940,5213,169,90,,,,,,
233997,233997,UT,21:35:25 05-Sep-2022,Argos,B,63.1326,-5.9738,1057,21086,53,99,,,,,,
233997,233997,UT,21:36:46 05-Sep-2022,Argos,B,63.0932,-6.0131,1436,4310,478,94,,,,,,
233997,233997,UT,21:41:48 05-Sep-2022,Argos,B,63.1061,-5.9800,1163,3848,351,99,,,,,,
233997,233997,UT,21:45:26 05-Sep-2022,Argos,A,63.1388,-5.9815,972,19680,48,82,,,,,,
233997,233997,UT,22:54:02 05-Sep-2022,Argos,B,63.1138,-6.0338,1288,30456,54,99,,,,,,
233997,233997,UT,19:28:56 06-Sep-2022,Argos,B,62.9153,-4.7477,35269,279885,4444,33,,,,,,
233997,233997,UT,19:29:27 06-Sep-2022,Argos,A,63.2948,-4.5069,5154,28406,935,96,,,,,,
233997,233997,UT,19:34:55 06-Sep-2022,Argos,B,63.2960,-4.4601,5163,9348,2851,140,,,,,,
233997,233997,UT,19:36:29 06-Sep-2022,Argos,1,63.3214,-4.4943,539,3496,83,81,,,,,,
233997,233997,UT,19:45:37 06-Sep-2022,Argos,B,63.3073,-4.5069,1290,2759,602,88,,,,,,
233997,233997,UT,19:46:36 06-Sep-2022,Argos,0,63.3067,-4.5068,1990,9336,424,107,,,,,,
233997,233997,UT,20:29:58 06-Sep-2022,Argos,B,63.3151,-4.4838,3338,8385,1329,86,,,,,,
233997,233997,UT,21:02:06 06-Sep-2022,Argos,B,63.2954,-4.5559,11188,28954,4322,120,,,,,,
233997,233997,UT,21:05:27 06-Sep-2022,Argos,B,63.3543,-4.5824,826,22674,30,73,,,,,,
233997,233997,UT,21:14:07 06-Sep-2022,Argos,A,63.3759,-4.5767,2840,3675,2195,39,,,,,,
233997,233997,UT,21:17:07 06-Sep-2022,Argos,B,63.3453,-4.6100,475,1146,196,91,,,,,,
233997,233997,UT,21:19:14 06-Sep-2022,Argos,B,63.3471,-4.6071,3499,8428,1452,92,,,,,,
233997,233997,UT,21:20:30 06-Sep-2022,Argos,A,63.3740,-4.5669,243,1511,39,101,,,,,,
233997,233997,UT,22:45:50 06-Sep-2022,Argos,B,63.3866,-4.6507,1273,5198,311,35,,,,,,
233997,233997,UT,22:46:33 06-Sep-2022,Argos,B,63.4033,-4.6393,791,2053,304,38,,,,,,
233997,233997,UT,22:51:37 06-Sep-2022,Argos,B,63.4439,-4.6139,558,1769,175,95,,,,,,
233997,233997,UT,18:55:06 07-Sep-2022,Argos,B,63.7458,-4.8990,32983,273980,3970,94,,,,,,
233997,233997,UT,19:11:09 07-Sep-2022,Argos,2,63.8107,-4.5677,383,1417,103,77,,,,,,
233997,233997,UT,19:17:20 07-Sep-2022,Argos,B,63.8106,-4.5666,1116,2653,469,89,,,,,,
233997,233997,UT,19:20:47 07-Sep-2022,Argos,1,63.8275,-4.5237,978,7901,121,89,,,,,,
233997,233997,UT,19:25:29 07-Sep-2022,Argos,B,63.8260,-4.5189,1498,4109,546,80,,,,,,
233997,233997,UT,19:29:20 07-Sep-2022,Argos,2,63.8320,-4.6298,411,3077,54,97,,,,,,
233997,233997,UT,20:15:03 07-Sep-2022,Argos,B,63.8372,-4.6477,3764,8562,1654,90,,,,,,
233997,233997,UT,20:35:40 07-Sep-2022,Argos,0,63.8255,-4.5429,1646,4496,602,106,,,,,,
233997,233997,UT,20:52:30 07-Sep-2022,Argos,1,63.8245,-4.5075,1168,6484,210,78,,,,,,
233997,233997,UT,20:53:56 07-Sep-2022,Argos,B,63.8262,-4.4939,954,1445,629,69,,,,,,
233997,233997,UT,21:02:41 07-Sep-2022,Argos,1,63.8252,-4.5006,843,3591,197,86,,,,,,
233997,233997,UT,21:02:41 07-Sep-2022,Argos,1,63.8224,-4.5570,696,5632,86,80,,,,,,
233997,233997,UT,21:04:07 07-Sep-2022,Argos,B,63.8253,-4.5005,1610,4057,638,89,,,,,,
233997,233997,UT,22:13:58 07-Sep-2022,Argos,A,63.7588,-4.4556,1917,6689,549,52,,,,,,
233997,233997,UT,22:29:27 07-Sep-2022,Argos,B,63.7775,-4.4435,1426,22894,88,95,,,,,,
233997,233997,UT,22:36:20 07-Sep-2022,Argos,B,63.7784,-4.4413,551,2673,113,93,,,,,,
233997,233997,UT,22:41:09 07-Sep-2022,Argos,1,63.8094,-4.4034,702,1365,361,80,,,,,,
233997,233997,UT,18:20:23 08-Sep-2022,Argos,A,63.1028,-5.0503,21529,529970,874,91,,,,,,
233997,233997,UT,18:47:58 08-Sep-2022,Argos,A,63.1534,-5.2573,44244,331737,5900,84,,,,,,
233997,233997,UT,19:03:48 08-Sep-2022,Argos,A,63.0759,-5.5828,4264,36601,496,70,,,,,,
233997,233997,UT,19:04:50 08-Sep-2022,Argos,A,63.0630,-5.6248,2842,11255,717,68,,,,,,
233997,233997,UT,19:11:37 08-Sep-2022,Argos,0,63.0480,-5.6367,6640,130162,338,78,,,,,,
233997,233997,UT,19:14:00 08-Sep-2022,Argos,0,63.0262,-5.6541,4785,108883,210,99,,,,,,
233997,233997,UT,19:47:43 08-Sep-2022,Argos,B,63.0123,-5.6416,14658,34826,6169,90,,,,,,
233997,233997,UT,20:04:06 08-Sep-2022,Argos,1,62.9789,-5.7637,1070,4724,242,88,,,,,,
233997,233997,UT,20:38:52 08-Sep-2022,Argos,B,62.9618,-5.8267,7357,75505,716,65,,,,,,
233997,233997,UT,20:40:40 08-Sep-2022,Argos,A,62.9862,-5.7880,584,5354,63,77,,,,,,
233997,233997,UT,20:45:02 08-Sep-2022,Argos,B,62.9859,-5.7889,1078,3793,306,79,,,,,,
233997,233997,UT,20:53:44 08-Sep-2022,Argos,1,62.9621,-5.7874,611,3375,110,81,,,,,,
233997,233997,UT,21:45:06 08-Sep-2022,Argos,A,62.8855,-5.7390,1858,6364,542,136,,,,,,
233997,233997,UT,22:06:50 08-Sep-2022,Argos,B,62.8899,-5.7384,5792,11049,3035,99,,,,,,
233997,233997,UT,22:19:52 08-Sep-2022,Argos,B,62.9340,-5.9383,2185,4497,1061,89,,,,,,
233997,233997,UT,22:22:30 08-Sep-2022,Argos,B,62.9474,-5.9026,6012,15740,2296,90,,,,,,
233997,233997,UT,22:22:30 08-Sep-2022,Argos,A,62.9074,-5.8352,573,3593,91,73,,,,,,
233997,233997,UT,18:20:30 09-Sep-2022,Argos,B,63.0318,-6.1792,6652,747412,59,77,,,,,,
233997,233997,UT,18:42:12 09-Sep-2022,Argos,B,62.9925,-6.3516,5388,354019,82,78,,,,,,
233997,233997,UT,18:56:58 09-Sep-2022,Argos,1,62.9213,-6.7187,672,6251,72,78,,,,,,
233997,233997,UT,18:57:48 09-Sep-2022,Argos,B,62.9213,-6.7183,633,3616,110,80,,,,,,
233997,233997,UT,19:34:30 09-Sep-2022,Argos,A,62.9312,-6.7751,2459,55647,108,100,,,,,,
233997,233997,UT,19:57:13 09-Sep-2022,Argos,2,62.9158,-6.6561,368,798,169,78,,,,,,
233997,233997,UT,20:20:37 09-Sep-2022,Argos,2,62.9296,-6.6428,362,2520,51,79,,,,,,
233997,233997,UT,20:30:04 09-Sep-2022,Argos,B,62.9299,-6.6594,1337,3212,556,86,,,,,,
233997,233997,UT,20:42:35 09-Sep-2022,Argos,A,62.9018,-6.7319,1698,24873,115,84,,,,,,
233997,233997,UT,21:42:08 09-Sep-2022,Argos,A,62.9052,-6.8603,1331,12495,141,80,,,,,,
233997,233997,UT,18:20:25 10-Sep-2022,Argos,A,62.9499,-6.6024,240,1009,57,88,,,,,,
233997,233997,UT,18:38:54 10-Sep-2022,Argos,B,62.9499,-6.6023,1330,3005,588,89,,,,,,
233997,233997,UT,18:40:06 10-Sep-2022,Argos,A,62.9633,-6.5761,796,32144,19,93,,,,,,
233997,233997,UT,18:52:56 10-Sep-2022,Argos,B,62.9633,-6.5758,1148,4121,319,92,,,,,,
233997,233997,UT,19:03:48 10-Sep-2022,Argos,1,62.9738,-6.5531,1151,6833,194,109,,,,,,
233997,233997,UT,19:31:17 10-Sep-2022,Argos,B,63.0024,-6.5705,2023,20306,201,85,,,,,,
233997,233997,UT,20:04:31 10-Sep-2022,Argos,A,62.9913,-6.6458,3915,26348,581,61,,,,,,
233997,233997,UT,20:14:24 10-Sep-2022,Argos,B,62.9993,-6.6287,6095,17910,2074,67,,,,,,
233997,233997,UT,20:17:18 10-Sep-2022,Argos,A,63.0181,-6.6204,520,5853,46,78,,,,,,
233997,233997,UT,20:29:45 10-Sep-2022,Argos,B,63.0343,-6.5433,607,1305,281,111,,,,,,
233997,233997,UT,20:40:17 10-Sep-2022,Argos,B,63.0227,-6.5640,1155,5961,223,101,,,,,,
233997,233997,UT,21:36:26 10-Sep-2022,Argos,2,63.1027,-6.6024,360,1597,80,87,,,,,,
233997,233997,UT,21:46:31 10-Sep-2022,Argos,B,63.1026,-6.6036,1274,2846,570,89,,,,,,
233997,233997,UT,21:58:45 10-Sep-2022,Argos,A,63.0966,-6.5951,1085,15277,77,85,,,,,,
233997,233997,UT,22:21:01 10-Sep-2022,Argos,B,63.0961,-6.5990,1929,6202,600,87,,,,,,
233997,233997,UT,18:03:25 11-Sep-2022,Argos,B,63.3825,-7.5198,6506,9224,4588,67,,,,,,
233997,233997,UT,18:25:21 11-Sep-2022,Argos,A,63.0761,-7.6690,2023,2854,1433,101,,,,,,
233997,233997,UT,18:29:28 11-Sep-2022,Argos,B,63.2188,-7.3904,4332,14418,1301,69,,,,,,
233997,233997,UT,18:29:28 11-Sep-2022,Argos,B,63.3195,-7.4935,5047,8331,3057,66,,,,,,
233997,233997,UT,18:35:30 11-Sep-2022,Argos,0,63.0543,-7.6739,2969,21229,415,89,,,,,,
233997,233997,UT,19:05:59 11-Sep-2022,Argos,2,63.0932,-7.7177,349,2103,57,82,,,,,,
233997,233997,UT,19:40:27 11-Sep-2022,Argos,A,63.0729,-7.8347,1300,21060,80,79,,,,,,
233997,233997,UT,19:58:20 11-Sep-2022,Argos,1,63.0849,-7.8969,622,2327,166,82,,,,,,
233997,233997,UT,20:08:19 11-Sep-2022,Argos,B,63.0964,-7.9472,1723,3901,761,59,,,,,,
233997,233997,UT,20:13:01 11-Sep-2022,Argos,A,63.1176,-7.8970,479,1712,134,78,,,,,,
233997,233997,UT,20:17:00 11-Sep-2022,Argos,B,63.1166,-7.9030,1123,2605,484,86,,,,,,
233997,233997,UT,20:30:45 11-Sep-2022,Argos,B,63.1191,-7.9259,1507,3555,638,90,,,,,,
233997,233997,UT,20:45:50 11-Sep-2022,Argos,B,63.1167,-7.9139,1934,5924,631,93,,,,,,
233997,233997,UT,21:18:49 11-Sep-2022,Argos,1,63.0721,-7.9358,757,2454,233,79,,,,,,
233997,233997,UT,21:31:45 11-Sep-2022,Argos,B,63.0724,-7.9338,3370,7355,1543,90,,,,,,
233997,233997,UT,21:44:03 11-Sep-2022,Argos,B,63.0629,-7.9664,2917,70891,120,78,,,,,,
233997,233997,UT,21:48:07 11-Sep-2022,Argos,B,63.0677,-7.9333,749,4518,124,83,,,,,,
233997,233997,UT,22:04:20 11-Sep-2022,Argos,B,63.0628,-7.9566,915,3347,250,85,,,,,,
233997,233997,UT,18:25:20 12-Sep-2022,Argos,B,62.8339,-9.6812,3350,18667,601,74,,,,,,
233997,233997,UT,18:43:03 12-Sep-2022,Argos,B,63.1671,-8.8275,16129,165539,1571,91,,,,,,
233997,233997,UT,19:19:32 12-Sep-2022,Argos,B,63.1606,-8.8779,17772,60110,5254,90,,,,,,
233997,233997,UT,19:42:27 12-Sep-2022,Argos,B,63.2420,-8.5365,2532,79912,80,99,,,,,,
233997,233997,UT,19:44:33 12-Sep-2022,Argos,A,63.2229,-8.5035,285,2456,33,96,,,,,,
233997,233997,UT,19:56:03 12-Sep-2022,Argos,B,63.2365,-8.5881,1468,3020,713,71,,,,,,
233997,233997,UT,20:01:27 12-Sep-2022,Argos,2,63.2350,-8.5763,252,2060,30,85,,,,,,
233997,233997,UT,20:17:50 12-Sep-2022,Argos,0,63.2291,-8.6118,1642,6303,427,85,,,,,,
233997,233997,UT,20:57:52 12-Sep-2022,Argos,1,63.2210,-8.7060,1277,25050,65,80,,,,,,
233997,233997,UT,21:16:43 12-Sep-2022,Argos,A,63.2359,-8.6363,685,3271,143,76,,,,,,
233997,233997,UT,21:21:07 12-Sep-2022,Argos,2,63.2422,-8.5870,348,824,147,131,,,,,,
233997,233997,UT,21:34:27 12-Sep-2022,Argos,B,63.2332,-8.6343,1081,8394,139,78,,,,,,
233997,233997,UT,21:47:04 12-Sep-2022,Argos,B,63.2221,-8.5801,1176,9569,144,68,,,,,,
233997,233997,UT,22:06:04 12-Sep-2022,Argos,B,63.2225,-8.5752,1227,3458,435,78,,,,,,
233997,233997,UT,22:36:10 12-Sep-2022,Argos,1,63.2357,-8.4806,1061,2370,475,83,,,,,,
233997,233997,UT,19:01:05 13-Sep-2022,Argos,B,63.4857,-7.7530,35333,74713,16709,58,,,,,,
233997,233997,UT,19:10:56 13-Sep-2022,Argos,B,63.4200,-7.7902,11367,804967,160,87,,,,,,
233997,233997,UT,19:27:50 13-Sep-2022,Argos,A,63.4040,-7.8135,202,3532,11,100,,,,,,
233997,233997,UT,19:45:38 13-Sep-2022,Argos,B,63.4067,-7.7967,662,1767,248,93,,,,,,
233997,233997,UT,19:51:29 13-Sep-2022,Argos,B,63.4238,-7.7833,1855,10439,329,86,,,,,,
233997,233997,UT,19:52:32 13-Sep-2022,Argos,1,63.3639,-7.8517,1220,3597,413,64,,,,,,
233997,233997,UT,19:52:54 13-Sep-2022,Argos,2,63.3748,-7.8191,261,1040,65,86,,,,,,
233997,233997,UT,20:34:29 13-Sep-2022,Argos,1,63.3564,-7.6875,939,8156,108,80,,,,,,
233997,233997,UT,20:52:45 13-Sep-2022,Argos,B,63.3571,-7.6583,2415,5874,992,87,,,,,,
233997,233997,UT,20:59:46 13-Sep-2022,Argos,2,63.3399,-7.6946,442,2064,94,84,,,,,,
233997,233997,UT,21:19:03 13-Sep-2022,Argos,B,63.3400,-7.6938,855,18780,38,75,,,,,,
233997,233997,UT,21:24:13 13-Sep-2022,Argos,B,63.3424,-7.6801,312,561,173,42,,,,,,
233997,233997,UT,21:32:09 13-Sep-2022,Argos,1,63.3444,-7.6242,729,1024,519,104,,,,,,
233997,233997,UT,22:15:41 13-Sep-2022,Argos,3,63.3338,-7.5712,219,867,55,104,,,,,,
233997,233997,UT,22:28:55 13-Sep-2022,Argos,B,63.3470,-7.5161,2705,5368,1363,135,,,,,,
233997,233997,UT,22:32:56 13-Sep-2022,Argos,B,63.3472,-7.5115,3113,5199,1863,111,,,,,,
233997,233997,UT,22:58:47 13-Sep-2022,Argos,B,63.3450,-7.4783,2830,5787,1383,92,,,,,,
233997,233997,UT,18:02:28 14-Sep-2022,Argos,B,63.0641,-7.9850,9241,177497,481,90,,,,,,
233997,233997,UT,18:37:13 14-Sep-2022,Argos,B,63.0554,-7.9086,8728,51339,1483,86,,,,,,
233997,233997,UT,18:38:31 14-Sep-2022,Argos,B,63.0400,-7.8406,5300,181929,154,81,,,,,,
233997,233997,UT,19:11:49 14-Sep-2022,Argos,Z,62.9889,-8.2332,712,5513,92,93,,,,,,
233997,233997,UT,19:29:41 14-Sep-2022,Argos,1,62.9693,-8.2533,997,5525,179,84,,,,,,
233997,233997,UT,19:31:45 14-Sep-2022,Argos,B,63.0266,-7.8258,1683,30910,91,79,,,,,,
233997,233997,UT,19:41:18 14-Sep-2022,Argos,1,62.9553,-8.2256,1015,7142,144,80,,,,,,
233997,233997,UT,20:20:27 14-Sep-2022,Argos,A,62.9498,-8.2213,4097,33273,504,65,,,,,,
233997,233997,UT,20:20:50 14-Sep-2022,Argos,1,62.9489,-8.2256,1054,6626,167,100,,,,,,
233997,233997,UT,20:46:46 14-Sep-2022,Argos,A,62.9389,-8.1615,1142,4589,284,127,,,,,,
233997,233997,UT,21:09:45 14-Sep-2022,Argos,B,62.9315,-8.1275,961,2054,449,90,,,,,,
233997,233997,UT,21:12:35 14-Sep-2022,Argos,A,62.8864,-8.0913,1770,4441,705,123,,,,,,
233997,233997,UT,18:55:10 15-Sep-2022,Argos,B,63.1767,-9.7315,47609,465105,4873,36,,,,,,
233997,233997,UT,19:06:21 15-Sep-2022,Argos,A,63.3763,-9.6747,6969,64267,755,76,,,,,,
233997,233997,UT,19:22:04 15-Sep-2022,Argos,B,63.3783,-9.6652,7790,20788,2919,83,,,,,,
233997,233997,UT,19:30:28 15-Sep-2022,Argos,0,63.4349,-9.5168,1697,12255,235,77,,,,,,
233997,233997,UT,19:48:24 15-Sep-2022,Argos,0,63.4103,-9.3574,11923,316903,448,99,,,,,,
233997,233997,UT,19:56:38 15-Sep-2022,Argos,A,63.4419,-9.4863,1309,4666,367,84,,,,,,
233997,233997,UT,20:26:45 15-Sep-2022,Argos,A,63.4239,-9.5295,678,6765,67,109,,,,,,
233997,233997,UT,20:48:52 15-Sep-2022,Argos,B,63.4215,-9.5330,1682,4200,673,98,,,,,,
233997,233997,UT,20:49:39 15-Sep-2022,Argos,0,63.4422,-9.5857,2014,4256,952,79,,,,,,
233997,233997,UT,20:56:43 15-Sep-2022,Argos,1,63.4514,-9.6048,1203,4197,345,76,,,,,,
233997,233997,UT,21:06:46 15-Sep-2022,Argos,1,63.4425,-9.6269,981,2453,392,86,,,,,,
233997,233997,UT,21:25:19 15-Sep-2022,Argos,B,63.4446,-9.6375,6120,13786,2716,91,,,,,,
233997,233997,UT,21:38:22 15-Sep-2022,Argos,A,63.4551,-9.7317,2562,42030,156,82,,,,,,
233997,233997,UT,22:01:20 15-Sep-2022,Argos,B,63.4448,-9.7122,2150,9527,485,83,,,,,,
233997,233997,UT,22:29:55 15-Sep-2022,Argos,B,63.4650,-9.7831,2649,11078,633,66,,,,,,
233997,233997,UT,22:35:21 15-Sep-2022,Argos,B,63.4719,-9.7800,513,3128,84,81,,,,,,
233997,233997,UT,18:42:18 16-Sep-2022,Argos,A,63.5454,-11.0271,427,6765,27,79,,,,,,
233997,233997,UT,19:07:03 16-Sep-2022,Argos,B,63.5514,-10.9572,3113,29001,334,85,,,,,,
233997,233997,UT,19:12:27 16-Sep-2022,Argos,B,63.5677,-11.1045,1869,143773,24,77,,,,,,
233997,233997,UT,19:15:33 16-Sep-2022,Argos,1,63.5770,-10.9820,803,5677,113,96,,,,,,
233997,233997,UT,19:39:53 16-Sep-2022,Argos,B,63.5812,-11.0092,4818,10715,2166,89,,,,,,
233997,233997,UT,20:14:48 16-Sep-2022,Argos,B,63.6215,-11.0365,4698,89157,247,92,,,,,,
233997,233997,UT,20:17:11 16-Sep-2022,Argos,2,63.6322,-10.9041,410,1323,126,98,,,,,,
233997,233997,UT,20:20:31 16-Sep-2022,Argos,B,63.6278,-10.9785,3029,17211,533,85,,,,,,
233997,233997,UT,20:43:42 16-Sep-2022,Argos,B,63.6388,-10.9909,3556,11011,1148,86,,,,,,
233997,233997,UT,20:54:41 16-Sep-2022,Argos,1,63.6858,-10.8980,528,824,337,94,,,,,,
233997,233997,UT,20:55:13 16-Sep-2022,Argos,2,63.6802,-10.8790,404,1385,117,98,,,,,,
233997,233997,UT,21:18:47 16-Sep-2022,Argos,0,63.6903,-10.8610,5196,90962,296,84,,,,,,
233997,233997,UT,21:43:32 16-Sep-2022,Argos,B,63.7000,-10.8920,6341,18106,2220,87,,,,,,
233997,233997,UT,22:04:14 16-Sep-2022,Argos,2,63.7160,-10.9558,395,1391,112,63,,,,,,
233997,233997,UT,22:09:03 16-Sep-2022,Argos,B,63.7198,-10.9638,559,1310,238,87,,,,,,
233997,233997,UT,22:22:46 16-Sep-2022,Argos,B,63.6600,-10.9349,639,8509,48,82,,,,,,
233997,233997,UT,22:34:54 16-Sep-2022,Argos,B,63.6665,-10.9414,1498,5866,382,85,,,,,,
233997,233997,UT,22:42:18 16-Sep-2022,Argos,B,63.6582,-10.9426,1658,5566,493,86,,,,,,
233997,233997,UT,22:54:19 16-Sep-2022,Argos,B,63.6371,-10.9670,745,10329,53,96,,,,,,
233997,233997,UT,18:42:48 17-Sep-2022,Argos,B,63.3031,-10.4834,16188,78714,3329,90,,,,,,
233997,233997,UT,19:08:08 17-Sep-2022,Argos,A,63.1233,-11.7313,14719,242070,895,73,,,,,,
233997,233997,UT,19:56:58 17-Sep-2022,Argos,B,63.0509,-12.0008,12178,238148,622,122,,,,,,
233997,233997,UT,20:22:43 17-Sep-2022,Argos,B,62.9736,-11.8761,15992,495751,515,95,,,,,,
233997,233997,UT,20:33:44 17-Sep-2022,Argos,B,62.9921,-12.0117,1957,16137,237,65,,,,,,
233997,233997,UT,20:46:00 17-Sep-2022,Argos,A,62.9630,-12.1111,512,1038,252,55,,,,,,
233997,233997,UT,20:55:26 17-Sep-2022,Argos,1,62.9609,-12.1421,752,8033,70,80,,,,,,
233997,233997,UT,21:28:55 17-Sep-2022,Argos,B,62.9423,-12.1858,1342,8105,222,91,,,,,,
233997,233997,UT,21:34:55 17-Sep-2022,Argos,B,62.9403,-12.1900,1328,5674,310,91,,,,,,
233997,233997,UT,22:13:06 17-Sep-2022,Argos,1,62.9349,-12.1645,846,4554,157,75,,,,,,
233997,233997,UT,22:37:53 17-Sep-2022,Argos,B,62.9410,-12.1799,5185,82547,325,86,,,,,,
233997,233997,UT,18:56:05 18-Sep-2022,Argos,B,63.4154,-13.0324,25115,57176,11032,71,,,,,,
233997,233997,UT,18:56:59 18-Sep-2022,Argos,B,62.9672,-14.3266,15634,,,,,,,,,
233997,233997,UT,19:26:28 18-Sep-2022,Argos,0,63.0472,-14.3211,1504,28943,78,83,,,,,,
233997,233997,UT,19:39:43 18-Sep-2022,Argos,0,63.0530,-14.4142,5161,147244,180,97,,,,,,
233997,233997,UT,19:52:09 18-Sep-2022,Argos,B,63.0502,-14.4177,4613,48232,441,102,,,,,,
233997,233997,UT,20:32:51 18-Sep-2022,Argos,1,62.9888,-14.1452,582,1924,176,72,,,,,,
233997,233997,UT,20:32:51 18-Sep-2022,Argos,1,62.9916,-14.1403,706,3296,151,69,,,,,,
233997,233997,UT,21:14:29 18-Sep-2022,Argos,1,62.9271,-14.1723,555,712,432,50,,,,,,
233997,233997,UT,21:16:00 18-Sep-2022,Argos,2,62.9376,-14.1977,414,751,228,71,,,,,,
233997,233997,UT,22:02:20 18-Sep-2022,Argos,B,62.8902,-14.1945,1194,27615,51,79,,,,,,
233997,233997,UT,22:12:49 18-Sep-2022,Argos,0,62.9493,-14.0589,2766,9214,830,48,,,,,,
233997,233997,UT,22:21:35 18-Sep-2022,Argos,B,62.9397,-14.0498,2471,5944,1027,87,,,,,,
233997,233997,UT,22:45:58 18-Sep-2022,Argos,B,62.9387,-14.0710,4250,9784,1846,94,,,,,,
233997,233997,UT,18:41:33 19-Sep-2022,Argos,B,63.4187,-13.7831,32478,163196,6463,77,,,,,,
233997,233997,UT,19:07:28 19-Sep-2022,Argos,B,63.3512,-14.0255,19751,74448,5240,79,,,,,,
233997,233997,UT,19:25:04 19-Sep-2022,Argos,A,63.4107,-16.2156,2519,18582,341,93,,,,,,
233997,233997,UT,19:26:24 19-Sep-2022,Argos,B,63.4107,-16.2155,5521,14619,2085,91,,,,,,
233997,233997,UT,20:20:34 19-Sep-2022,Argos,1,63.4666,-16.1964,1028,7309,144,87,,,,,,
233997,233997,UT,20:42:10 19-Sep-2022,Argos,1,63.4546,-16.2582,1056,5377,207,100,,,,,,
233997,233997,UT,20:56:49 19-Sep-2022,Argos,B,63.4476,-16.2504,1883,24558,144,78,,,,,,
233997,233997,UT,21:04:03 19-Sep-2022,Argos,B,63.4396,-16.2680,365,3087,43,96,,,,,,
233997,233997,UT,18:34:13 20-Sep-2022,Argos,B,63.4640,-16.4625,3965,6286,2501,67,,,,,,
233997,233997,UT,18:39:48 20-Sep-2022,Argos,B,63.0327,-16.6253,1844,5064,671,87,,,,,,
233997,233997,UT,19:04:17 20-Sep-2022,Argos,B,62.9818,-16.7119,12013,60776,2374,88,,,,,,
233997,233997,UT,19:54:35 20-Sep-2022,Argos,1,62.9757,-17.0085,963,6566,141,83,,,,,,
233997,233997,UT,20:01:18 20-Sep-2022,Argos,B,62.9755,-17.0207,1417,3667,547,87,,,,,,
233997,233997,UT,20:12:49 20-Sep-2022,Argos,B,62.9776,-17.0148,1876,5565,632,88,,,,,,
233997,233997,UT,20:30:23 20-Sep-2022,Argos,B,62.9786,-17.1149,577,747,445,19,,,,,,
233997,233997,UT,21:37:33 20-Sep-2022,Argos,B,62.9915,-17.2505,1173,9245,148,83,,,,,,
233997,233997,UT,21:38:11 20-Sep-2022,Argos,A,63.0432,-17.2178,618,7734,49,75,,,,,,
233997,233997,UT,21:51:45 20-Sep-2022,Argos,A,63.0410,-17.2339,826,1019,669,36,,,,,,
233997,233997,UT,21:59:29 20-Sep-2022,Argos,B,63.0410,-17.2324,479,867,265,87,,,,,,
233997,233997,UT,22:08:27 20-Sep-2022,Argos,1,63.0438,-17.2723,877,2424,316,78,,,,,,
233997,233997,UT,19:39:54 21-Sep-2022,Argos,B,63.2721,-19.4802,29298,53548,16029,94,,,,,,
233997,233997,UT,19:56:18 21-Sep-2022,Argos,B,63.3374,-19.4260,18384,,,,,,,,,
233997,233997,UT,19:58:18 21-Sep-2022,Argos,B,63.3342,-19.3913,3533,185773,67,95,,,,,,
233997,233997,UT,20:00:58 21-Sep-2022,Argos,0,63.3907,-19.2564,77736,,,,,,,,,
233997,233997,UT,20:19:16 21-Sep-2022,Argos,B,63.3818,-19.2943,53074,571729,4926,79,,,,,,
233997,233997,UT,20:25:17 21-Sep-2022,Argos,0,63.3357,-19.5753,1593,4747,534,112,,,,,,
233997,233997,UT,21:13:44 21-Sep-2022,Argos,A,63.3958,-19.4334,7297,243578,218,82,,,,,,
233997,233997,UT,21:26:44 21-Sep-2022,Argos,B,63.3969,-19.4456,7650,55804,1048,75,,,,,,
233997,233997,UT,21:37:32 21-Sep-2022,Argos,B,63.3802,-19.4820,645,3290,126,80,,,,,,
233997,233997,UT,21:38:57 21-Sep-2022,Argos,0,63.3518,-19.7130,2803,4635,1695,118,,,,,,
233997,233997,UT,21:41:19 21-Sep-2022,Argos,A,63.3678,-19.6315,1471,2532,854,56,,,,,,
233997,233997,UT,21:57:22 21-Sep-2022,Argos,1,63.3455,-19.8358,768,3124,188,77,,,,,,
233997,233997,UT,22:54:27 21-Sep-2022,Argos,0,63.3339,-19.8432,3980,21928,722,71,,,,,,
233997,233997,UT,19:26:58 22-Sep-2022,Argos,B,62.9269,-19.4443,28321,149651,5359,93,,,,,,
233997,233997,UT,19:28:38 22-Sep-2022,Argos,B,62.9704,-20.9326,11291,68387,1864,63,,,,,,
233997,233997,UT,19:47:09 22-Sep-2022,Argos,1,62.7602,-21.1895,674,5710,79,83,,,,,,
233997,233997,UT,20:08:56 22-Sep-2022,Argos,A,62.7569,-21.2038,1549,32422,74,98,,,,,,
233997,233997,UT,20:54:47 22-Sep-2022,Argos,B,62.7691,-21.2513,4002,8773,1825,83,,,,,,
233997,233997,UT,21:06:47 22-Sep-2022,Argos,2,62.7825,-21.3214,464,1285,167,94,,,,,,
233997,233997,UT,21:10:34 22-Sep-2022,Argos,1,62.7849,-21.2945,1337,8590,208,106,,,,,,
233997,233997,UT,21:16:23 22-Sep-2022,Argos,B,62.7835,-21.3296,1951,4263,892,90,,,,,,
233997,233997,UT,21:26:01 22-Sep-2022,Argos,2,62.7670,-21.3622,404,1371,118,83,,,,,,
233997,233997,UT,21:42:07 22-Sep-2022,Argos,2,62.7485,-21.3362,477,953,239,94,,,,,,
233997,233997,UT,21:45:39 22-Sep-2022,Argos,B,62.7490,-21.3403,1439,3077,673,90,,,,,,
233997,233997,UT,22:31:08 22-Sep-2022,Argos,2,62.7508,-21.5405,284,1317,61,95,,,,,,
233997,233997,UT,22:46:50 22-Sep-2022,Argos,2,62.7471,-21.5607,487,897,263,74,,,,,,
233997,233997,UT,22:50:27 22-Sep-2022,Argos,B,62.7459,-21.5852,4018,7525,2145,91,,,,,,
233997,233997,UT,22:56:37 22-Sep-2022,Argos,A,62.7216,-21.5970,2014,12224,331,89,,,,,,
233997,233997,UT,19:25:18 23-Sep-2022,Argos,B,62.7799,-23.5422,15810,22376,11171,102,,,,,,
233997,233997,UT,19:37:17 23-Sep-2022,Argos,B,62.7992,-23.5901,4779,297748,76,74,,,,,,
233997,233997,UT,19:54:31 23-Sep-2022,Argos,A,62.7411,-23.8652,771,18977,31,89,,,,,,
233997,233997,UT,20:34:06 23-Sep-2022,Argos,B,62.7946,-23.6767,2263,12560,407,74,,,,,,
233997,233997,UT,20:35:39 23-Sep-2022,Argos,B,62.7469,-23.8891,922,45977,18,100,,,,,,
233997,233997,UT,20:47:11 23-Sep-2022,Argos,B,62.7521,-23.9364,351,1210,101,42,,,,,,
233997,233997,UT,21:13:47 23-Sep-2022,Argos,1,62.7341,-24.0362,933,4367,199,98,,,,,,
233997,233997,UT,21:27:48 23-Sep-2022,Argos,B,62.7350,-24.0351,3083,7393,1285,91,,,,,,
233997,233997,UT,22:08:57 23-Sep-2022,Argos,1,62.6989,-24.0042,722,10517,49,82,,,,,,
233997,233997,UT,22:17:42 23-Sep-2022,Argos,A,62.6706,-24.0491,511,712,366,138,,,,,,
233997,233997,UT,22:27:24 23-Sep-2022,Argos,B,62.7478,-24.0802,968,4066,230,20,,,,,,
233997,233997,UT,22:43:03 23-Sep-2022,Argos,0,62.6628,-24.0794,13491,320268,568,79,,,,,,
233997,233997,UT,22:56:40 23-Sep-2022,Argos,B,62.6467,-24.1127,7653,30215,1938,100,,,,,,
233997,233997,UT,22:57:43 23-Sep-2022,Argos,B,62.6478,-24.1088,7609,24860,2328,95,,,,,,
233997,233997,UT,18:38:37 24-Sep-2022,Argos,B,62.6792,-25.2970,8306,30924,2231,76,,,,,,
233997,233997,UT,19:13:25 24-Sep-2022,Argos,Z,62.5752,-25.7238,10292,63415,1670,84,,,,,,
233997,233997,UT,19:23:22 24-Sep-2022,Argos,B,62.5669,-26.1239,319,1618,62,79,,,,,,
233997,233997,UT,20:14:30 24-Sep-2022,Argos,A,62.6082,-26.0888,3892,28830,525,67,,,,,,
233997,233997,UT,20:17:39 24-Sep-2022,Argos,B,62.6063,-26.0917,4062,15914,1037,70,,,,,,
233997,233997,UT,21:02:17 24-Sep-2022,Argos,B,62.6179,-26.1023,5371,11611,2484,82,,,,,,
233997,233997,UT,21:02:17 24-Sep-2022,Argos,A,62.5568,-26.2762,583,2193,155,112,,,,,,
233997,233997,UT,21:09:06 24-Sep-2022,Argos,B,62.5763,-26.2719,570,13650,23,98,,,,,,
233997,233997,UT,19:10:52 25-Sep-2022,Argos,B,63.3204,-26.0959,13000,57782,2924,81,,,,,,
233997,233997,UT,19:20:44 25-Sep-2022,Argos,B,63.1836,-27.0925,9077,119034,692,96,,,,,,
233997,233997,UT,19:37:47 25-Sep-2022,Argos,B,63.2332,-27.1409,8776,326325,236,97,,,,,,
233997,233997,UT,19:53:19 25-Sep-2022,Argos,B,63.3151,-27.5607,6147,42623,886,94,,,,,,
233997,233997,UT,20:48:33 25-Sep-2022,Argos,0,63.3961,-28.1773,5549,63710,483,87,,,,,,
233997,233997,UT,20:54:10 25-Sep-2022,Argos,A,63.3867,-28.2761,2695,33488,216,93,,,,,,
233997,233997,UT,21:15:35 25-Sep-2022,Argos,0,63.3661,-28.2602,2158,21089,220,102,,,,,,
233997,233997,UT,21:27:34 25-Sep-2022,Argos,B,63.3503,-28.3191,2671,62822,113,77,,,,,,
233997,233997,UT,21:30:58 25-Sep-2022,Argos,B,63.4254,-27.8527,22008,60645,7986,86,,,,,,
233997,233997,UT,22:19:10 25-Sep-2022,Argos,A,63.2878,-28.3542,8465,211543,338,71,,,,,,
233997,233997,UT,22:26:42 25-Sep-2022,Argos,A,63.3122,-28.2429,2821,20668,384,93,,,,,,
233997,233997,UT,19:00:26 26-Sep-2022,Argos,B,62.7732,-31.5339,14740,36198,6001,73,,,,,,
233997,233997,UT,19:02:51 26-Sep-2022,Argos,0,63.5387,-29.9265,12422,95054,1623,64,,,,,,
233997,233997,UT,19:32:38 26-Sep-2022,Argos,B,63.5253,-30.0073,17471,40192,7594,81,,,,,,
233997,233997,UT,19:32:38 26-Sep-2022,Argos,B,63.5387,-29.9284,17772,41160,7673,82,,,,,,
233997,233997,UT,20:37:17 26-Sep-2022,Argos,0,63.6387,-30.2862,11977,292177,491,76,,,,,,
233997,233997,UT,20:37:30 26-Sep-2022,Argos,A,63.7005,-29.9631,1213,5329,276,93,,,,,,
233997,233997,UT,20:43:39 26-Sep-2022,Argos,B,63.6993,-29.9625,4744,25188,893,87,,,,,,
233997,233997,UT,21:06:14 26-Sep-2022,Argos,B,63.4992,-30.2441,39844,170418,9315,81,,,,,,
233997,233997,UT,21:14:37 26-Sep-2022,Argos,B,63.6932,-29.9763,3064,8414,1115,68,,,,,,
233997,233997,UT,22:06:59 26-Sep-2022,Argos,0,63.7190,-30.1504,1815,15978,206,74,,,,,,
233997,233997,UT,22:08:56 26-Sep-2022,Argos,B,63.7190,-30.1503,2395,6968,823,81,,,,,,
233997,233997,UT,22:19:50 26-Sep-2022,Argos,B,63.7168,-30.2681,979,5975,160,115,,,,,,
233997,233997,UT,22:25:21 26-Sep-2022,Argos,B,63.7221,-30.2812,1029,4447,237,113,,,,,,
233997,233997,UT,22:46:35 26-Sep-2022,Argos,1,63.7829,-30.1562,779,4574,132,85,,,,,,
233997,233997,UT,18:38:08 27-Sep-2022,Argos,B,63.9250,-32.1802,20696,194656,2200,53,,,,,,
233997,233997,UT,18:45:13 27-Sep-2022,Argos,B,64.0936,-31.9539,2568,14532,453,98,,,,,,
233997,233997,UT,19:08:04 27-Sep-2022,Argos,0,64.0922,-31.9275,3482,14007,865,55,,,,,,
233997,233997,UT,19:12:55 27-Sep-2022,Argos,A,64.0971,-31.9657,528,3121,89,79,,,,,,
233997,233997,UT,20:11:20 27-Sep-2022,Argos,A,64.0678,-32.0549,229,1503,34,104,,,,,,
233997,233997,UT,20:22:36 27-Sep-2022,Argos,B,64.0893,-32.0555,566,7958,40,92,,,,,,
233997,233997,UT,20:30:40 27-Sep-2022,Argos,B,64.0900,-32.0858,930,5326,162,91,,,,,,
233997,233997,UT,20:38:04 27-Sep-2022,Argos,B,64.0905,-32.0960,1038,4769,225,90,,,,,,
233997,233997,UT,20:48:51 27-Sep-2022,Argos,A,64.1051,-32.0237,254,1787,36,99,,,,,,
233997,233997,UT,21:38:45 27-Sep-2022,Argos,B,64.1116,-32.1389,924,2522,338,84,,,,,,
233997,233997,UT,21:51:05 27-Sep-2022,Argos,A,64.1603,-32.1437,202,1474,27,93,,,,,,
233997,233997,UT,21:56:16 27-Sep-2022,Argos,B,64.1595,-32.1410,410,1175,143,95,,,,,,
233997,233997,UT,21:57:56 27-Sep-2022,Argos,B,64.1595,-32.1567,449,1196,168,94,,,,,,
233997,233997,UT,22:12:40 27-Sep-2022,Argos,B,64.1348,-32.2372,1058,28570,39,71,,,,,,
233997,233997,UT,22:21:14 27-Sep-2022,Argos,1,64.1581,-32.2063,814,1619,409,92,,,,,,
233997,233997,UT,22:25:59 27-Sep-2022,Argos,1,64.1609,-32.1879,1393,14042,138,79,,,,,,
233997,233997,UT,18:40:35 28-Sep-2022,Argos,0,64.2776,-33.4479,5543,47495,647,79,,,,,,
233997,233997,UT,18:41:07 28-Sep-2022,Argos,0,64.2858,-33.4330,2813,19492,405,76,,,,,,
233997,233997,UT,18:51:08 28-Sep-2022,Argos,A,64.2756,-33.4951,2106,12976,341,80,,,,,,
233997,233997,UT,19:42:39 28-Sep-2022,Argos,B,64.2739,-33.6000,6260,15841,2473,90,,,,,,
233997,233997,UT,20:06:55 28-Sep-2022,Argos,3,64.2524,-33.6411,164,746,36,83,,,,,,
233997,233997,UT,20:07:11 28-Sep-2022,Argos,B,64.2521,-33.6415,170,475,60,82,,,,,,
233997,233997,UT,20:17:29 28-Sep-2022,Argos,1,64.2483,-33.6179,1251,9768,160,83,,,,,,
233997,233997,UT,20:19:37 28-Sep-2022,Argos,0,64.2491,-33.6688,3350,46997,238,83,,,,,,
233997,233997,UT,20:34:16 28-Sep-2022,Argos,B,64.2488,-33.6443,1242,3012,512,90,,,,,,
233997,233997,UT,21:19:34 28-Sep-2022,Argos,A,64.2663,-33.7575,7476,421176,132,100,,,,,,
233997,233997,UT,21:38:06 28-Sep-2022,Argos,0,64.2628,-33.7028,1591,13371,189,91,,,,,,
233997,233997,UT,22:01:34 28-Sep-2022,Argos,2,64.2707,-33.7959,451,3720,54,78,,,,,,
233997,233997,UT,22:07:10 28-Sep-2022,Argos,1,64.3013,-33.7441,817,4203,158,74,,,,,,
233997,233997,UT,22:57:28 28-Sep-2022,Argos,0,64.3300,-33.8972,2233,20511,243,106,,,,,,
233997,233997,UT,18:12:56 29-Sep-2022,Argos,B,64.6740,-36.5078,15464,21695,11022,116,,,,,,
233997,233997,UT,18:17:23 29-Sep-2022,Argos,B,64.4817,-36.3278,91675,,,,,,,,,
233997,233997,UT,18:31:15 29-Sep-2022,Argos,B,64.5705,-36.3797,33519,156430,7182,124,,,,,,
233997,233997,UT,18:31:15 29-Sep-2022,Argos,A,63.4039,-35.9674,16412,170781,1577,79,,,,,,
233997,233997,UT,19:53:13 29-Sep-2022,Argos,1,63.3058,-36.0573,522,1580,172,81,,,,,,
233997,233997,UT,20:07:26 29-Sep-2022,Argos,B,63.3058,-36.0575,2114,4715,948,88,,,,,,
233997,233997,UT,20:50:12 29-Sep-2022,Argos,B,63.2457,-36.0388,1937,19972,187,72,,,,,,
233997,233997,UT,22:26:10 29-Sep-2022,Argos,B,63.2154,-36.0209,3926,9316,1654,84,,,,,,
233997,233997,UT,19:24:25 30-Sep-2022,Argos,0,62.1296,-36.9688,4716,8251,2695,72,,,,,,
233997,233997,UT,19:34:52 30-Sep-2022,Argos,B,62.1312,-36.9885,101743,627834,16487,108,,,,,,
233997,233997,UT,19:49:04 30-Sep-2022,Argos,0,62.1470,-36.9944,1759,8879,348,81,,,,,,
233997,233997,UT,19:52:51 30-Sep-2022,Argos,A,62.1421,-36.9443,511,1294,202,54,,,,,,
233997,233997,UT,20:15:15 30-Sep-2022,Argos,B,62.1089,-36.9446,1718,6443,458,83,,,,,,
233997,233997,UT,21:04:29 30-Sep-2022,Argos,1,62.1353,-36.9873,611,5017,74,81,,,,,,
233997,233997,UT,21:06:51 30-Sep-2022,Argos,0,62.1205,-36.9718,1696,27302,105,97,,,,,,
233997,233997,UT,21:32:27 30-Sep-2022,Argos,A,62.0903,-36.9538,4045,11153,1467,45,,,,,,
233997,233997,UT,21:33:53 30-Sep-2022,Argos,B,62.1314,-36.9340,740,4815,113,83,,,,,,
233997,233997,UT,21:58:52 30-Sep-2022,Argos,1,62.1224,-37.0091,1032,6951,153,94,,,,,,
233997,233997,UT,19:05:16 01-Oct-2022,Argos,B,62.1620,-37.7663,17280,248218,1202,63,,,,,,
233997,233997,UT,19:15:08 01-Oct-2022,Argos,B,61.9082,-38.0816,10646,215832,525,110,,,,,,
233997,233997,UT,19:30:04 01-Oct-2022,Argos,1,61.9711,-38.2107,1054,5744,193,80,,,,,,
233997,233997,UT,19:31:46 01-Oct-2022,Argos,A,61.9723,-38.2534,363,879,149,80,,,,,,
233997,233997,UT,19:46:26 01-Oct-2022,Argos,0,61.9669,-38.2646,2067,10986,388,60,,,,,,
233997,233997,UT,19:49:19 01-Oct-2022,Argos,B,61.9668,-38.2658,2041,5527,753,65,,,,,,
233997,233997,UT,20:43:18 01-Oct-2022,Argos,2,61.9694,-38.3156,474,6298,35,80,,,,,,
233997,233997,UT,20:51:51 01-Oct-2022,Argos,3,61.9509,-38.3604,239,1159,49,91,,,,,,
233997,233997,UT,21:11:22 01-Oct-2022,Argos,B,61.9444,-38.3269,1836,3983,846,53,,,,,,
233997,233997,UT,21:11:22 01-Oct-2022,Argos,B,61.9432,-38.3287,1802,4238,766,53,,,,,,
233997,233997,UT,21:21:20 01-Oct-2022,Argos,0,61.9019,-38.3167,5454,131194,226,79,,,,,,
233997,233997,UT,21:28:48 01-Oct-2022,Argos,0,61.9036,-38.3436,5327,110132,257,100,,,,,,
233997,233997,UT,21:50:54 01-Oct-2022,Argos,B,61.9036,-38.3429,8746,21702,3524,93,,,,,,
233997,233997,UT,22:22:58 01-Oct-2022,Argos,B,61.8923,-38.3504,10280,20471,5162,94,,,,,,
233997,233997,UT,22:45:00 01-Oct-2022,Argos,B,61.8868,-38.3573,12607,27067,5871,89,,,,,,
233997,233997,UT,18:43:02 02-Oct-2022,Argos,B,61.5088,-38.9576,4449,7957,2487,96,,,,,,
233997,233997,UT,19:10:57 02-Oct-2022,Argos,B,61.7688,-39.1061,15174,51085,4507,24,,,,,,
233997,233997,UT,19:20:10 02-Oct-2022,Argos,B,61.9040,-39.0583,5668,15031,2137,55,,,,,,
233997,233997,UT,19:35:31 02-Oct-2022,Argos,B,61.7518,-39.5433,5374,112890,255,46,,,,,,
233997,233997,UT,20:13:01 02-Oct-2022,Argos,2,61.6046,-39.6892,457,1937,107,78,,,,,,
233997,233997,UT,20:33:30 02-Oct-2022,Argos,A,61.5821,-39.6947,308,1521,62,99,,,,,,
233997,233997,UT,20:51:10 02-Oct-2022,Argos,B,61.5796,-39.6492,1811,4189,783,77,,,,,,
233997,233997,UT,20:54:39 02-Oct-2022,Argos,A,61.5316,-39.6659,588,1192,289,125,,,,,,
233997,233997,UT,20:59:00 02-Oct-2022,Argos,B,61.5735,-39.6544,3384,7845,1459,51,,,,,,
233997,233997,UT,21:09:02 02-Oct-2022,Argos,A,61.5485,-39.8713,1268,14398,111,88,,,,,,
233997,233997,UT,21:56:47 02-Oct-2022,Argos,B,61.5429,-39.9448,2373,94458,59,85,,,,,,
233997,233997,UT,22:09:03 02-Oct-2022,Argos,A,61.5449,-39.9143,178,419,75,115,,,,,,
233997,233997,UT,22:26:22 02-Oct-2022,Argos,B,61.5279,-40.0560,930,5294,163,57,,,,,,
233997,233997,UT,22:34:37 02-Oct-2022,Argos,B,61.5357,-40.0437,1267,5409,296,59,,,,,,
233997,233997,UT,22:35:29 02-Oct-2022,Argos,B,61.5595,-40.0122,440,4985,38,86,,,,,,
233997,233997,UT,22:53:09 02-Oct-2022,Argos,B,61.5453,-40.0481,501,2992,83,66,,,,,,
233997,233997,UT,18:49:36 03-Oct-2022,Argos,B,60.3023,-41.3447,4026,5036,3218,93,,,,,,
233997,233997,UT,19:05:54 03-Oct-2022,Argos,B,60.9962,-41.4982,13153,231950,745,79,,,,,,
233997,233997,UT,19:24:24 03-Oct-2022,Argos,B,61.1979,-40.3554,7384,16292,3346,58,,,,,,
233997,233997,UT,19:54:45 03-Oct-2022,Argos,A,61.1502,-40.3601,5833,108841,312,65,,,,,,
233997,233997,UT,20:17:35 03-Oct-2022,Argos,B,61.1645,-40.3472,3814,13189,1103,72,,,,,,
233997,233997,UT,20:28:35 03-Oct-2022,Argos,B,61.1472,-40.3740,3953,13171,1186,66,,,,,,
233997,233997,UT,20:28:35 03-Oct-2022,Argos,0,61.1653,-40.2802,4357,28917,656,64,,,,,,
233997,233997,UT,20:54:34 03-Oct-2022,Argos,B,61.1637,-40.3132,2887,14948,557,37,,,,,,
233997,233997,UT,21:28:48 03-Oct-2022,Argos,1,61.1259,-40.4144,830,2258,304,69,,,,,,
233997,233997,UT,21:53:43 03-Oct-2022,Argos,2,61.1181,-40.3456,487,2443,96,107,,,,,,
233997,233997,UT,22:04:57 03-Oct-2022,Argos,0,61.0861,-40.4330,2771,12641,607,79,,,,,,
233997,233997,UT,22:07:23 03-Oct-2022,Argos,B,61.0909,-40.4667,2005,15248,263,78,,,,,,
233997,233997,UT,22:23:26 03-Oct-2022,Argos,B,61.0630,-40.4894,1261,9179,173,81,,,,,,
233997,233997,UT,22:37:44 03-Oct-2022,Argos,1,61.0531,-40.4063,506,2155,118,104,,,,,,
233997,233997,UT,22:58:36 03-Oct-2022,Argos,B,61.0534,-40.4074,1349,2874,633,92,,,,,,
233997,233997,UT,19:11:51 04-Oct-2022,Argos,B,61.0411,-40.4579,9365,13509,6492,94,,,,,,
233997,233997,UT,19:29:27 04-Oct-2022,Argos,B,60.5837,-39.6502,62100,,,,,,,,,
233997,233997,UT,19:26:22 05-Oct-2022,Argos,B,59.7102,-41.0776,78875,217518,28601,88,,,,,,
233997,233997,UT,20:31:18 05-Oct-2022,Argos,1,59.4857,-40.7239,1043,2265,479,69,,,,,,
233997,233997,UT,20:41:28 05-Oct-2022,Argos,A,59.4628,-40.6870,2790,30683,253,89,,,,,,
233997,233997,UT,21:05:17 05-Oct-2022,Argos,B,59.4852,-40.6734,3632,103625,127,89,,,,,,
233997,233997,UT,21:21:17 05-Oct-2022,Argos,B,59.4558,-40.6654,757,52111,11,98,,,,,,
233997,233997,UT,22:01:46 05-Oct-2022,Argos,B,59.4010,-40.7149,1966,11131,347,97,,,,,,
233997,233997,UT,22:16:24 05-Oct-2022,Argos,A,59.4197,-40.7489,191,239,152,58,,,,,,
233997,233997,UT,22:20:32 05-Oct-2022,Argos,B,59.4190,-40.7393,669,3388,132,93,,,,,,
233997,233997,UT,22:45:13 05-Oct-2022,Argos,B,59.3932,-40.7265,763,4888,119,105,,,,,,
233997,233997,UT,20:15:22 06-Oct-2022,Argos,1,59.5895,-40.9341,521,1845,147,87,,,,,,
233997,233997,UT,20:22:53 06-Oct-2022,Argos,A,59.5918,-40.9245,396,1867,84,79,,,,,,
233997,233997,UT,20:35:37 06-Oct-2022,Argos,B,59.5651,-40.9323,386,3821,38,96,,,,,,
233997,233997,UT,21:04:28 06-Oct-2022,Argos,B,59.5259,-40.9251,627,23802,16,84,,,,,,
233997,233997,UT,21:08:30 06-Oct-2022,Argos,B,59.5236,-40.9169,854,5635,129,81,,,,,,
233997,233997,UT,21:47:20 06-Oct-2022,Argos,B,59.4946,-40.9275,964,10746,86,75,,,,,,
233997,233997,UT,21:54:28 06-Oct-2022,Argos,1,59.4385,-40.9992,570,1641,198,93,,,,,,
233997,233997,UT,22:05:15 06-Oct-2022,Argos,A,59.4100,-41.0727,552,6947,43,79,,,,,,
233997,233997,UT,22:12:38 06-Oct-2022,Argos,2,59.4227,-40.9841,472,1820,122,102,,,,,,
233997,233997,UT,22:39:48 06-Oct-2022,Argos,2,59.3796,-40.9426,314,1243,79,72,,,,,,
233997,233997,UT,22:40:48 06-Oct-2022,Argos,A,59.3960,-40.8781,659,4064,106,85,,,,,,
233997,233997,UT,20:02:02 07-Oct-2022,Argos,B,59.1085,-41.0570,9868,39087,2491,93,,,,,,
233997,233997,UT,20:09:20 07-Oct-2022,Argos,A,59.0038,-40.3158,1096,4691,256,88,,,,,,
233997,233997,UT,20:47:23 07-Oct-2022,Argos,B,58.9799,-40.3126,2378,12642,447,17,,,,,,
233997,233997,UT,21:24:44 07-Oct-2022,Argos,A,58.9983,-40.3330,1440,8744,237,72,,,,,,
233997,233997,UT,21:42:50 07-Oct-2022,Argos,0,59.0191,-40.2360,3123,45936,212,100,,,,,,
233997,233997,UT,21:45:52 07-Oct-2022,Argos,1,59.0165,-40.2645,1298,14763,114,82,,,,,,
233997,233997,UT,22:18:08 07-Oct-2022,Argos,1,59.0170,-40.2603,884,2558,305,70,,,,,,
233997,233997,UT,22:22:14 07-Oct-2022,Argos,A,59.0068,-40.2825,1155,2326,573,131,,,,,,
233997,233997,UT,18:48:45 08-Oct-2022,Argos,B,58.6127,-39.8778,9272,13902,6183,107,,,,,,
233997,233997,UT,19:23:59 08-Oct-2022,Argos,Z,59.2007,-40.3586,5865,15915,2161,91,,,,,,
233997,233997,UT,19:59:39 08-Oct-2022,Argos,B,59.2434,-40.0888,370,2194,62,64,,,,,,
233997,233997,UT,20:23:44 08-Oct-2022,Argos,A,59.1976,-40.2146,9102,52187,1587,79,,,,,,
233997,233997,UT,20:31:29 08-Oct-2022,Argos,1,59.1742,-40.2706,513,2779,94,99,,,,,,
233997,233997,UT,21:05:36 08-Oct-2022,Argos,0,59.1569,-40.2326,2971,72287,122,77,,,,,,
233997,233997,UT,21:10:14 08-Oct-2022,Argos,2,59.1410,-40.2803,293,1313,65,93,,,,,,
233997,233997,UT,21:36:14 08-Oct-2022,Argos,0,59.1397,-40.2666,4784,153797,148,79,,,,,,
233997,233997,UT,22:03:25 08-Oct-2022,Argos,0,59.1074,-40.2717,3101,28525,337,70,,,,,,
233997,233997,UT,22:05:21 08-Oct-2022,Argos,2,59.0955,-40.2999,462,893,238,85,,,,,,
233997,233997,UT,22:48:04 08-Oct-2022,Argos,B,59.0559,-40.2961,3150,9705,1022,96,,,,,,
233997,233997,UT,22:48:53 08-Oct-2022,Argos,1,59.0847,-40.3243,852,2108,344,104,,,,,,
233997,233997,UT,22:57:57 08-Oct-2022,Argos,B,59.0655,-40.3206,2813,6889,1148,89,,,,,,
233997,233997,UT,19:48:33 09-Oct-2022,Argos,B,58.1332,-40.4586,24350,57508,10310,60,,,,,,
233997,233997,UT,20:17:41 09-Oct-2022,Argos,B,58.3695,-40.3207,16884,43197,6599,76,,,,,,
233997,233997,UT,20:40:43 09-Oct-2022,Argos,1,58.5000,-40.0259,956,8172,111,81,,,,,,
233997,233997,UT,21:23:06 09-Oct-2022,Argos,1,58.4923,-39.9244,1371,11692,160,76,,,,,,
233997,233997,UT,21:38:20 09-Oct-2022,Argos,A,58.4584,-39.8999,2023,3672,1114,178,,,,,,
233997,233997,UT,21:49:24 09-Oct-2022,Argos,B,58.4621,-39.8882,1712,21263,137,118,,,,,,
233997,233997,UT,18:36:06 10-Oct-2022,Argos,B,58.3946,-38.9843,15481,23274,10296,56,,,,,,
233997,233997,UT,20:09:23 10-Oct-2022,Argos,B,58.0139,-40.4567,10959,35888,3346,92,,,,,,
233997,233997,UT,20:13:15 10-Oct-2022,Argos,B,57.7068,-39.8907,5053,25687,993,85,,,,,,
233997,233997,UT,21:14:10 10-Oct-2022,Argos,0,57.6398,-39.5648,1614,15129,172,83,,,,,,
233997,233997,UT,21:20:32 10-Oct-2022,Argos,1,57.6231,-39.5811,1160,5450,246,89,,,,,,
233997,233997,UT,21:47:34 10-Oct-2022,Argos,1,57.6099,-39.5962,591,3507,99,85,,,,,,
233997,233997,UT,21:48:50 10-Oct-2022,Argos,2,57.6095,-39.5672,404,2433,67,102,,,,,,
233997,233997,UT,19:22:45 11-Oct-2022,Argos,B,57.5958,-39.4795,18361,26946,12511,59,,,,,,
233997,233997,UT,19:36:50 11-Oct-2022,Argos,B,57.3058,-39.6469,5352,12883,2223,2,,,,,,
233997,233997,UT,19:41:04 11-Oct-2022,Argos,B,57.3156,-39.6337,1479,12108,180,144,,,,,,
233997,233997,UT,19:43:42 11-Oct-2022,Argos,0,57.2655,-39.6273,2206,4296,1132,84,,,,,,
233997,233997,UT,21:00:06 11-Oct-2022,Argos,0,57.2837,-39.6107,2944,3700,2342,68,,,,,,
233997,233997,UT,21:15:46 11-Oct-2022,Argos,A,57.2780,-39.6034,1882,27369,129,98,,,,,,
233997,233997,UT,21:18:18 11-Oct-2022,Argos,0,57.2768,-39.6151,2077,29079,148,97,,,,,,
233997,233997,UT,21:23:02 11-Oct-2022,Argos,1,57.2827,-39.6315,1434,7060,291,94,,,,,,
233997,233997,UT,22:25:52 11-Oct-2022,Argos,B,57.2668,-39.5565,6851,13584,3455,83,,,,,,
233997,233997,UT,22:35:19 11-Oct-2022,Argos,0,57.3146,-39.5821,2950,3820,2277,150,,,,,,
233997,233997,UT,22:46:29 11-Oct-2022,Argos,B,57.2718,-39.5519,3273,14209,753,86,,,,,,
233997,233997,UT,22:51:00 11-Oct-2022,Argos,A,57.2732,-39.5092,1417,3506,572,120,,,,,,
233997,233997,UT,19:27:27 12-Oct-2022,Argos,B,57.4488,-39.3379,15261,45638,5103,101,,,,,,
233997,233997,UT,20:46:13 12-Oct-2022,Argos,0,57.4727,-39.0286,4656,18948,1144,73,,,,,,
233997,233997,UT,20:52:40 12-Oct-2022,Argos,1,57.4822,-39.0283,832,6628,104,74,,,,,,
233997,233997,UT,21:00:18 12-Oct-2022,Argos,B,57.4884,-39.0329,1234,2182,697,87,,,,,,
233997,233997,UT,21:01:05 12-Oct-2022,Argos,A,57.4967,-39.0389,2248,36464,138,100,,,,,,
233997,233997,UT,22:17:50 12-Oct-2022,Argos,1,57.5123,-38.8236,590,1982,175,91,,,,,,
233997,233997,UT,22:24:56 12-Oct-2022,Argos,1,57.4814,-38.8207,561,1653,190,85,,,,,,
233997,233997,UT,22:30:12 12-Oct-2022,Argos,0,57.4873,-38.8808,1665,10899,254,91,,,,,,
233997,233997,UT,22:31:41 12-Oct-2022,Argos,B,57.5677,-39.0443,7725,14643,4074,99,,,,,,
233997,233997,UT,22:43:33 12-Oct-2022,Argos,1,57.4927,-38.8564,596,1731,205,109,,,,,,
233997,233997,UT,19:03:47 13-Oct-2022,Argos,B,57.4870,-38.6897,18419,22232,15259,82,,,,,,
233997,233997,UT,20:34:02 13-Oct-2022,Argos,0,57.4536,-38.5800,2632,33945,204,77,,,,,,
233997,233997,UT,20:35:19 13-Oct-2022,Argos,0,57.4715,-38.6277,2975,5254,1684,178,,,,,,
233997,233997,UT,20:41:58 13-Oct-2022,Argos,A,57.4436,-38.6032,843,7042,100,102,,,,,,
233997,233997,UT,21:58:50 13-Oct-2022,Argos,A,57.4888,-38.6418,2670,42194,168,79,,,,,,
233997,233997,UT,22:05:42 13-Oct-2022,Argos,B,57.4888,-38.6418,1411,5184,384,81,,,,,,
233997,233997,UT,22:13:46 13-Oct-2022,Argos,1,57.4817,-38.6699,570,1787,181,95,,,,,,
233997,233997,UT,22:16:13 13-Oct-2022,Argos,1,57.4860,-38.6874,834,2940,236,84,,,,,,
233997,233997,UT,22:16:29 13-Oct-2022,Argos,1,57.4793,-38.6555,572,1100,297,97,,,,,,
233997,233997,UT,22:47:07 13-Oct-2022,Argos,B,57.4613,-38.6871,5753,85575,386,90,,,,,,
233997,233997,UT,18:34:29 14-Oct-2022,Argos,B,56.9440,-39.3487,30599,45142,20740,62,,,,,,
233997,233997,UT,18:51:40 14-Oct-2022,Argos,B,56.8405,-39.0508,32349,39952,26192,79,,,,,,
233997,233997,UT,19:43:37 14-Oct-2022,Argos,1,57.8635,-39.3147,1406,3952,499,39,,,,,,
233997,233997,UT,20:08:10 14-Oct-2022,Argos,1,57.8492,-39.2858,1461,4259,500,87,,,,,,
233997,233997,UT,19:44:05 15-Oct-2022,Argos,A,58.4309,-39.3333,1751,2308,1328,108,,,,,,
233997,233997,UT,20:12:18 15-Oct-2022,Argos,3,58.4680,-39.3148,240,644,89,85,,,,,,
233997,233997,UT,20:52:15 15-Oct-2022,Argos,1,58.4722,-39.3783,1129,6344,201,81,,,,,,
233997,233997,UT,21:15:38 15-Oct-2022,Argos,2,58.4917,-39.3187,276,703,108,92,,,,,,
233997,233997,UT,21:23:45 15-Oct-2022,Argos,1,58.5042,-39.2908,764,4105,142,75,,,,,,
233997,233997,UT,21:39:50 15-Oct-2022,Argos,B,58.5058,-39.3002,3324,6505,1698,87,,,,,,
233997,233997,UT,21:52:29 15-Oct-2022,Argos,1,58.5283,-39.2734,1322,9162,190,81,,,,,,
233997,233997,UT,22:00:51 15-Oct-2022,Argos,B,58.5244,-39.2734,3745,8785,1596,88,,,,,,
233997,233997,UT,22:28:47 15-Oct-2022,Argos,B,58.5246,-39.2753,7163,14197,3614,91,,,,,,
233997,233997,UT,19:19:52 16-Oct-2022,Argos,0,59.3128,-40.2270,2725,6835,1086,101,,,,,,
233997,233997,UT,19:19:52 16-Oct-2022,Argos,B,58.7230,-40.2621,10929,15352,7779,63,,,,,,
233997,233997,UT,19:54:18 16-Oct-2022,Argos,2,59.3417,-40.1769,448,1217,164,56,,,,,,
233997,233997,UT,20:02:11 16-Oct-2022,Argos,1,59.3517,-40.1673,984,2300,420,81,,,,,,
233997,233997,UT,20:21:09 16-Oct-2022,Argos,2,59.3681,-40.1386,338,707,161,86,,,,,,
233997,233997,UT,20:57:29 16-Oct-2022,Argos,0,59.3784,-40.2781,2306,36010,147,79,,,,,,
233997,233997,UT,20:58:22 16-Oct-2022,Argos,A,59.3794,-40.2725,2368,10209,549,81,,,,,,
233997,233997,UT,21:26:12 16-Oct-2022,Argos,2,59.4156,-40.1451,449,3247,62,106,,,,,,
233997,233997,UT,21:40:12 16-Oct-2022,Argos,0,59.4274,-40.1664,3070,35276,267,80,,,,,,
233997,233997,UT,21:47:30 16-Oct-2022,Argos,B,59.4464,-40.0752,4961,15184,1621,83,,,,,,
233997,233997,UT,21:58:54 16-Oct-2022,Argos,2,59.4534,-40.1492,353,1084,115,92,,,,,,
233997,233997,UT,22:31:19 16-Oct-2022,Argos,3,59.4816,-40.1275,146,460,46,86,,,,,,
233997,233997,UT,22:31:19 16-Oct-2022,Argos,3,59.4816,-40.1275,146,460,46,86,,,,,,
233997,233997,UT,22:39:01 16-Oct-2022,Argos,B,59.4893,-40.1229,500,1462,170,92,,,,,,
233997,233997,UT,19:51:09 17-Oct-2022,Argos,2,59.8935,-39.7760,479,1207,190,107,,,,,,
233997,233997,UT,19:51:47 17-Oct-2022,Argos,1,59.8923,-39.7988,733,1681,319,103,,,,,,
233997,233997,UT,20:32:06 17-Oct-2022,Argos,2,59.9441,-39.8464,267,1018,70,79,,,,,,
233997,233997,UT,20:38:00 17-Oct-2022,Argos,B,59.9436,-39.8471,611,1250,298,87,,,,,,
233997,233997,UT,21:11:20 17-Oct-2022,Argos,0,59.9493,-39.7438,3238,81772,128,95,,,,,,
233997,233997,UT,21:27:30 17-Oct-2022,Argos,0,59.9752,-39.7551,4746,128930,174,79,,,,,,
233997,233997,UT,21:30:12 17-Oct-2022,Argos,1,59.9741,-39.7702,1310,11236,152,94,,,,,,
233997,233997,UT,22:10:30 17-Oct-2022,Argos,2,60.0024,-39.6879,408,2763,60,73,,,,,,
233997,233997,UT,22:12:23 17-Oct-2022,Argos,2,60.0001,-39.6941,417,1257,138,94,,,,,,
233997,233997,UT,22:50:14 17-Oct-2022,Argos,3,60.0441,-39.6442,236,451,122,67,,,,,,
233997,233997,UT,19:18:04 18-Oct-2022,Argos,B,60.5267,-38.3484,7023,21651,2277,89,,,,,,
233997,233997,UT,19:36:49 18-Oct-2022,Argos,B,60.3132,-39.9875,2679,40748,176,117,,,,,,
233997,233997,UT,20:05:15 18-Oct-2022,Argos,1,60.3563,-40.0710,970,2593,362,63,,,,,,
233997,233997,UT,20:19:24 18-Oct-2022,Argos,B,60.3601,-40.0591,4836,9728,2404,88,,,,,,
233997,233997,UT,20:53:31 18-Oct-2022,Argos,1,60.3829,-40.0631,782,860,711,144,,,,,,
233997,233997,UT,21:00:33 18-Oct-2022,Argos,1,60.3694,-40.0254,754,12802,44,99,,,,,,
233997,233997,UT,21:59:31 18-Oct-2022,Argos,B,60.4006,-39.9704,1733,3720,807,91,,,,,,
233997,233997,UT,22:25:16 18-Oct-2022,Argos,B,60.4460,-39.9907,6476,11925,3516,93,,,,,,
233997,233997,UT,22:37:34 18-Oct-2022,Argos,1,60.3890,-39.9305,994,2445,403,105,,,,,,
233997,233997,UT,22:37:49 18-Oct-2022,Argos,1,60.3859,-39.9146,889,1835,430,85,,,,,,
233997,233997,UT,22:57:09 18-Oct-2022,Argos,B,60.3828,-39.9104,6793,15007,3075,84,,,,,,
233997,233997,UT,19:43:35 19-Oct-2022,Argos,A,60.0319,-38.5758,17024,124642,2325,59,,,,,,
233997,233997,UT,20:27:18 19-Oct-2022,Argos,B,59.9197,-38.4754,19384,313292,1199,66,,,,,,
233997,233997,UT,20:35:24 19-Oct-2022,Argos,A,59.8720,-38.5858,1850,25858,132,90,,,,,,
233997,233997,UT,21:38:13 19-Oct-2022,Argos,B,59.8347,-38.5148,6603,13451,3241,89,,,,,,
233997,233997,UT,19:18:24 20-Oct-2022,Argos,B,59.9320,-39.4397,8331,157783,439,83,,,,,,
233997,233997,UT,19:19:10 20-Oct-2022,Argos,B,59.8559,-39.9821,4513,129484,157,89,,,,,,
233997,233997,UT,19:38:36 20-Oct-2022,Argos,B,59.9128,-39.6040,7324,52760,1016,84,,,,,,
233997,233997,UT,19:54:05 20-Oct-2022,Argos,A,59.8663,-40.1000,1154,7902,168,106,,,,,,
233997,233997,UT,20:18:46 20-Oct-2022,Argos,B,59.8732,-40.0994,1530,15897,147,90,,,,,,
